RiskPerformance,ExternalRiskEstimate,MSinceOldestTradeOpen,MSinceMostRecentTradeOpen,AverageMInFile,NumSatisfactoryTrades,NumTrades60Ever2DerogPubRec,NumTrades90Ever2DerogPubRec,PercentTradesNeverDelq,MSinceMostRecentDelq,MaxDelq2PublicRecLast12M,MaxDelqEver,NumTotalTrades,NumTradesOpeninLast12M,PercentInstallTrades,MSinceMostRecentInqexcl7days,NumInqLast6M,NumInqLast6Mexcl7days,NetFractionRevolvingBurden,NetFractionInstallBurden,NumRevolvingTradesWBalance,NumInstallTradesWBalance,NumBank2NatlTradesWHighUtilization,PercentTradesWBalance
Good,93,343,18,162.0,15,0,0,100.0,-7,7,8,14,0,13.0,-8,0,0,1.0,-8.0,2,2,0,33.0
Bad,60,184,4,69.0,35,2,2,100.0,-7,6,8,35,6,26.0,-7,5,5,66.0,42.0,12,4,10,70.0
Good,64,345,3,109.0,31,2,1,92.0,59,6,2,36,3,42.0,0,3,3,51.0,78.0,6,1,3,64.0
Good,77,200,6,82.0,26,0,0,100.0,-7,7,8,26,1,38.0,14,0,0,40.0,82.0,4,3,1,78.0
Bad,63,191,23,68.0,12,1,1,92.0,4,0,6,8,0,58.0,4,1,1,4.0,40.0,1,3,0,67.0
Good,79,242,21,99.0,33,0,0,100.0,-7,7,8,35,0,34.0,14,0,0,33.0,-8.0,8,2,2,53.0
Good,76,222,2,80.0,34,0,0,97.0,30,6,6,36,3,22.0,0,4,4,6.0,62.0,6,5,0,55.0
Good,84,352,25,154.0,14,0,0,100.0,-7,7,8,15,0,36.0,-8,0,0,13.0,-8.0,2,1,1,50.0
Good,76,97,9,44.0,14,0,0,100.0,-7,7,8,14,2,21.0,0,1,1,32.0,43.0,3,2,0,63.0
Bad,57,47,4,21.0,5,0,0,80.0,32,6,6,5,1,60.0,-7,3,3,97.0,84.0,2,3,1,100.0
Bad,70,267,10,121.0,15,0,0,94.0,52,6,6,16,2,56.0,0,4,4,77.0,-8.0,4,1,3,83.0
Good,69,187,5,53.0,24,0,0,100.0,-7,7,8,24,4,33.0,14,0,0,51.0,98.0,6,3,3,60.0
Bad,68,213,1,96.0,31,0,0,100.0,-7,7,8,33,2,18.0,1,3,3,81.0,76.0,15,2,7,95.0
Good,68,222,2,93.0,32,0,0,97.0,16,6,6,37,1,35.0,0,2,2,62.0,-8.0,5,1,2,60.0
Good,72,519,20,164.0,23,0,0,100.0,-7,7,8,35,0,22.0,1,1,1,50.0,58.0,7,2,3,67.0
Bad,54,140,18,61.0,7,6,5,50.0,5,4,5,13,0,63.0,0,0,0,96.0,73.0,3,2,1,100.0
Good,64,150,2,50.0,32,1,1,94.0,26,0,2,34,3,32.0,2,2,2,55.0,84.0,7,3,3,79.0
Good,68,348,12,91.0,34,0,0,100.0,-7,7,8,34,0,32.0,0,0,0,78.0,68.0,11,4,7,76.0
Bad,71,175,8,46.0,14,0,0,93.0,25,6,6,14,1,57.0,0,1,1,76.0,-8.0,2,2,0,80.0
Good,70,117,7,68.0,22,0,0,100.0,-7,7,8,26,1,23.0,0,8,8,90.0,-8.0,7,1,4,80.0
Bad,70,83,3,40.0,26,4,2,80.0,10,4,4,30,3,33.0,-7,0,0,3.0,89.0,2,4,0,58.0
Bad,83,284,34,93.0,9,0,0,100.0,-7,7,8,22,0,33.0,7,0,0,0.0,50.0,0,1,0,25.0
Good,80,330,7,45.0,19,0,0,100.0,-7,7,8,28,2,32.0,10,1,1,1.0,-8.0,1,2,0,50.0
Bad,71,218,22,75.0,22,1,0,96.0,27,6,5,24,0,39.0,1,2,2,3.0,23.0,4,1,1,56.0
Good,67,232,11,91.0,28,0,0,96.0,40,6,6,28,1,21.0,0,4,4,39.0,90.0,7,3,3,67.0
Good,67,284,5,84.0,44,0,0,100.0,-7,7,8,45,1,27.0,2,1,1,48.0,50.0,11,3,4,70.0
Good,69,-8,5,138.0,30,0,0,97.0,23,6,6,0,1,20.0,0,4,3,40.0,38.0,12,2,3,74.0
Bad,73,94,1,41.0,13,0,0,100.0,-7,7,8,21,5,67.0,-7,3,3,0.0,97.0,1,3,-8,67.0
Bad,67,166,17,65.0,14,0,0,100.0,-7,7,8,14,0,36.0,-7,1,1,66.0,58.0,7,4,3,92.0
Bad,85,198,39,132.0,5,0,0,100.0,-7,7,8,5,0,60.0,0,0,0,26.0,-8.0,1,1,0,100.0
Good,70,203,3,68.0,20,1,1,80.0,14,6,4,25,3,40.0,0,0,0,43.0,10.0,7,3,1,79.0
Bad,61,30,2,43.0,14,1,0,88.0,2,3,5,3,3,38.0,-7,0,0,44.0,86.0,4,2,1,50.0
Bad,65,68,2,36.0,18,0,0,95.0,50,6,6,19,6,53.0,-7,2,2,71.0,75.0,5,4,0,90.0
Good,85,351,3,100.0,23,0,0,100.0,-7,7,8,46,3,13.0,-8,0,0,3.0,-8.0,4,-8,1,50.0
Bad,70,147,6,51.0,17,0,0,100.0,-7,7,8,17,3,59.0,-7,0,0,50.0,91.0,3,3,1,67.0
Good,77,266,2,69.0,12,0,0,100.0,-7,6,7,14,4,46.0,0,5,5,73.0,59.0,4,3,1,78.0
Bad,81,268,6,83.0,12,1,1,92.0,70,6,4,15,4,23.0,-7,0,0,19.0,-8.0,2,1,1,33.0
Good,72,403,31,180.0,23,0,0,87.0,56,6,6,23,0,17.0,0,1,1,53.0,-8.0,9,1,3,83.0
Good,80,49,7,27.0,7,0,0,100.0,-7,7,8,7,1,71.0,1,1,1,0.0,82.0,0,1,0,33.0
Bad,66,124,1,54.0,20,0,0,95.0,36,6,6,21,2,5.0,3,4,4,54.0,-8.0,7,-8,2,64.0
Good,72,111,4,32.0,21,0,0,100.0,-7,7,8,21,3,24.0,21,0,0,50.0,100.0,5,2,2,57.0
Good,71,207,14,147.0,26,0,0,89.0,8,4,6,28,0,36.0,-7,0,0,1.0,-8.0,3,2,0,64.0
Bad,88,188,3,73.0,16,0,0,100.0,-7,7,8,16,2,25.0,0,0,0,6.0,-8.0,2,1,0,43.0
Bad,89,327,25,167.0,7,0,0,100.0,-7,7,8,8,0,14.0,0,2,2,0.0,-8.0,1,-8,0,33.0
Bad,82,295,40,116.0,5,0,0,100.0,-7,7,8,5,0,40.0,6,0,0,58.0,-8.0,1,1,0,67.0
Bad,70,288,8,69.0,30,0,0,100.0,-7,7,8,30,2,20.0,0,1,1,31.0,94.0,5,2,2,39.0
Bad,55,223,23,107.0,12,2,1,79.0,2,4,5,15,0,36.0,0,0,0,86.0,50.0,4,3,2,100.0
Good,91,-8,7,97.0,19,0,0,100.0,-7,7,8,0,1,47.0,-7,1,1,0.0,-8.0,2,1,0,75.0
Good,72,157,5,60.0,37,0,0,97.0,0,4,6,32,4,19.0,10,0,0,7.0,-8.0,4,1,0,45.0
Good,87,180,1,55.0,12,0,0,100.0,-7,7,8,13,2,46.0,16,0,0,8.0,100.0,1,2,0,38.0
Bad,66,188,5,77.0,7,1,0,75.0,48,6,5,8,1,25.0,5,0,0,99.0,-8.0,1,-8,-8,100.0
Bad,62,49,9,30.0,7,0,0,86.0,14,6,6,7,1,29.0,-7,2,2,89.0,104.0,2,2,1,80.0
Bad,84,230,8,66.0,13,0,0,100.0,-7,7,8,13,2,15.0,8,0,0,14.0,-8.0,1,1,0,33.0
Good,73,153,3,75.0,46,0,0,100.0,-7,7,8,46,8,17.0,1,2,2,38.0,89.0,3,5,2,44.0
Good,74,206,5,88.0,47,0,0,98.0,-8,6,6,49,2,22.0,23,0,0,39.0,69.0,6,3,2,45.0
Good,86,136,7,82.0,11,0,0,100.0,-7,7,8,11,1,9.0,-7,1,1,6.0,-8.0,2,-8,0,50.0
Good,61,132,1,53.0,31,1,1,91.0,37,0,6,42,6,24.0,3,3,3,32.0,72.0,4,2,2,50.0
Good,77,138,3,105.0,13,1,1,93.0,39,6,2,21,2,21.0,2,2,2,1.0,-8.0,1,1,0,33.0
Bad,71,150,3,56.0,19,0,0,100.0,-7,7,8,21,5,24.0,0,1,1,62.0,62.0,4,1,3,63.0
Good,64,181,2,68.0,17,2,0,82.0,8,3,5,22,3,55.0,5,0,0,37.0,78.0,2,2,1,57.0
Good,80,233,3,106.0,28,0,0,97.0,2,4,6,30,4,37.0,2,3,3,4.0,98.0,4,2,0,86.0
Good,66,132,3,36.0,34,0,0,100.0,-7,7,8,34,3,26.0,10,0,0,66.0,81.0,21,4,5,96.0
Bad,73,489,3,63.0,29,0,0,93.0,21,6,6,27,3,47.0,0,2,2,31.0,80.0,2,4,1,46.0
Good,81,442,152,245.0,10,0,0,100.0,-7,7,8,10,0,0.0,-8,0,0,41.0,-8.0,7,-8,1,88.0
Bad,69,57,4,37.0,14,0,0,100.0,-7,7,8,14,1,50.0,0,4,4,52.0,152.0,6,7,2,100.0
Bad,57,321,2,75.0,11,0,0,75.0,8,4,6,12,1,17.0,1,1,1,102.0,-8.0,6,1,5,100.0
Good,87,210,20,97.0,16,0,0,100.0,-7,7,8,16,0,25.0,-8,0,0,19.0,-8.0,3,1,0,50.0
Bad,74,169,6,79.0,57,0,0,100.0,-7,7,8,31,4,39.0,12,0,0,61.0,93.0,5,4,1,82.0
Good,85,251,3,66.0,56,0,0,100.0,-7,7,8,61,4,26.0,0,4,4,1.0,-8.0,7,1,0,36.0
Bad,57,342,7,57.0,17,0,0,88.0,4,4,6,17,3,82.0,-7,2,0,99.0,45.0,2,4,1,100.0
Bad,60,151,32,79.0,8,2,0,80.0,5,3,5,10,0,10.0,0,0,0,112.0,-8.0,3,-8,1,60.0
Good,73,256,2,90.0,23,0,0,100.0,-7,7,8,24,4,17.0,0,1,0,49.0,78.0,11,3,4,70.0
Bad,79,104,52,71.0,2,0,0,100.0,-7,7,8,3,0,0.0,0,0,0,21.0,-8.0,1,-8,-8,100.0
Bad,62,295,21,124.0,10,2,2,64.0,16,6,2,14,0,36.0,20,0,0,38.0,30.0,3,3,0,86.0
Good,79,140,5,66.0,13,0,0,100.0,-7,7,8,13,1,23.0,18,0,0,37.0,92.0,1,2,1,80.0
Good,65,221,11,77.0,42,0,0,95.0,34,6,6,42,2,60.0,-8,0,0,71.0,68.0,6,9,3,94.0
Good,64,224,2,89.0,36,1,1,87.0,7,4,6,41,3,38.0,0,8,7,76.0,24.0,4,6,2,71.0
Bad,62,322,1,40.0,16,1,0,94.0,23,6,5,28,5,44.0,-7,4,4,31.0,84.0,7,4,1,85.0
Bad,83,282,17,70.0,19,0,0,100.0,-7,7,8,19,0,32.0,0,0,0,5.0,34.0,3,2,0,56.0
Good,82,184,3,77.0,28,0,0,100.0,-7,7,8,29,2,31.0,0,1,1,6.0,92.0,4,2,0,88.0
Bad,58,381,3,77.0,23,3,2,76.0,8,0,2,25,2,28.0,-7,0,0,29.0,82.0,5,4,0,69.0
Good,67,114,5,52.0,13,1,0,67.0,30,6,5,15,2,13.0,5,0,0,69.0,33.0,4,2,2,86.0
Good,91,278,32,131.0,33,0,0,100.0,-7,7,8,26,0,14.0,-8,0,0,5.0,-8.0,2,1,0,33.0
Bad,-9,92,82,87.0,2,0,0,100.0,-7,9,8,2,0,50.0,-7,0,0,-8.0,-8.0,-8,-8,-8,-8.0
Good,84,264,2,87.0,19,0,0,100.0,-7,7,8,20,2,35.0,0,3,3,14.0,94.0,2,2,1,36.0
Good,65,130,6,68.0,25,3,2,89.0,29,5,4,29,1,43.0,0,1,1,46.0,56.0,8,3,2,85.0
Good,81,190,6,84.0,21,0,0,100.0,-7,7,8,21,2,29.0,7,0,0,8.0,91.0,5,2,0,88.0
Good,84,178,3,65.0,30,0,0,100.0,-7,7,8,36,5,47.0,6,0,0,12.0,-8.0,3,1,0,44.0
Bad,56,95,2,24.0,15,0,0,100.0,-7,7,8,19,4,44.0,4,1,1,73.0,87.0,5,6,2,85.0
Bad,61,272,1,70.0,8,1,1,78.0,20,5,6,10,4,22.0,0,9,9,22.0,65.0,3,2,0,63.0
Bad,67,278,22,87.0,4,0,0,33.0,1,4,6,6,0,33.0,0,1,0,34.0,17.0,2,2,0,67.0
Bad,69,82,13,57.0,15,5,4,67.0,23,6,2,21,0,71.0,5,2,2,6.0,66.0,1,2,-8,75.0
Good,52,30,4,16.0,23,1,0,96.0,4,3,5,24,7,8.0,1,2,2,35.0,-8.0,17,1,1,78.0
Good,66,153,17,73.0,24,0,0,88.0,10,4,6,26,0,50.0,0,0,0,37.0,77.0,6,3,0,83.0
Good,87,203,3,93.0,22,0,0,100.0,-7,7,8,23,2,22.0,0,0,0,4.0,67.0,5,2,0,47.0
Bad,59,129,15,75.0,2,1,1,50.0,6,4,4,4,0,50.0,0,0,0,58.0,65.0,1,2,-8,100.0
Bad,59,84,11,47.0,10,2,0,69.0,10,4,5,13,1,46.0,10,0,0,69.0,75.0,4,2,2,86.0
Bad,72,213,1,68.0,6,1,1,88.0,7,1,2,8,1,50.0,0,2,2,0.0,83.0,0,2,0,40.0
Good,80,162,5,58.0,41,0,0,98.0,-8,6,6,42,5,60.0,0,0,0,6.0,90.0,3,10,0,64.0
Good,82,156,21,84.0,12,0,0,100.0,-7,7,8,12,0,42.0,0,0,0,73.0,68.0,3,2,0,100.0
Bad,61,146,3,58.0,35,0,0,63.0,6,4,6,44,4,45.0,6,0,0,27.0,87.0,4,3,2,64.0
Good,77,268,51,51.0,1,0,0,100.0,-7,7,8,18,0,0.0,-8,1,0,8.0,-8.0,1,-8,-8,100.0
Good,84,233,4,72.0,23,0,0,100.0,-7,7,8,23,1,35.0,0,0,0,16.0,40.0,3,3,0,67.0
Bad,77,221,0,64.0,31,0,0,94.0,14,6,6,36,4,51.0,-7,1,0,9.0,88.0,3,6,0,45.0
Bad,68,79,8,75.0,40,1,1,95.0,1,0,2,9,3,44.0,8,0,0,5.0,87.0,4,6,0,61.0
Good,65,259,4,121.0,4,2,0,29.0,39,6,5,7,2,29.0,0,1,1,100.0,98.0,1,1,1,100.0
Bad,68,180,7,72.0,24,0,0,92.0,35,6,6,35,1,56.0,3,1,1,48.0,43.0,3,3,1,86.0
Good,63,104,3,42.0,13,3,3,87.0,29,0,3,15,3,40.0,-7,4,4,41.0,100.0,5,6,0,85.0
Bad,72,255,6,57.0,24,0,0,100.0,-7,7,8,24,6,46.0,-7,0,0,69.0,40.0,3,2,1,75.0
Good,71,142,10,65.0,22,0,0,100.0,-7,7,8,23,1,45.0,4,1,1,55.0,71.0,5,3,1,89.0
Bad,69,428,3,94.0,49,0,0,100.0,-7,7,8,23,3,8.0,0,4,4,50.0,-8.0,11,2,10,46.0
Bad,74,168,2,85.0,23,0,0,96.0,13,6,6,24,3,17.0,0,0,0,40.0,95.0,7,2,0,64.0
Good,84,227,19,104.0,26,0,0,96.0,64,6,6,27,0,15.0,-7,0,0,32.0,-8.0,4,1,0,56.0
Bad,79,409,8,113.0,18,0,0,100.0,-7,7,8,18,1,22.0,0,0,0,32.0,87.0,7,2,1,69.0
Bad,56,134,2,65.0,19,3,3,67.0,18,6,2,24,2,46.0,0,9,9,66.0,-8.0,2,1,2,60.0
Good,85,288,6,100.0,25,0,0,100.0,-7,7,8,25,2,24.0,0,0,0,10.0,57.0,3,2,0,50.0
Good,73,197,27,110.0,21,0,0,91.0,45,6,6,22,0,27.0,0,2,2,47.0,23.0,2,2,-8,57.0
Bad,59,302,10,137.0,24,2,1,88.0,2,4,5,39,1,32.0,1,2,2,50.0,75.0,3,4,0,70.0
Good,65,340,3,110.0,27,2,2,100.0,-7,6,8,26,2,30.0,0,3,3,58.0,46.0,11,3,5,83.0
Bad,83,414,14,108.0,30,0,0,100.0,-7,7,8,31,0,45.0,1,2,2,13.0,13.0,4,3,0,88.0
Good,67,404,19,133.0,17,0,0,100.0,-7,7,8,18,0,50.0,0,1,1,81.0,76.0,4,3,3,100.0
Bad,73,73,8,56.0,15,0,0,100.0,-7,7,8,4,1,47.0,-7,1,1,96.0,68.0,2,3,1,100.0
Bad,61,8,2,5.0,1,0,0,100.0,-7,7,8,2,2,50.0,0,2,2,92.0,-8.0,1,1,1,100.0
Bad,88,363,6,106.0,22,0,0,100.0,-7,7,8,23,1,36.0,5,2,2,1.0,68.0,5,3,0,62.0
Bad,72,174,3,55.0,21,0,0,95.0,65,6,6,22,3,36.0,-7,5,5,17.0,98.0,3,2,1,56.0
Good,75,104,2,34.0,17,0,0,100.0,-7,7,8,18,3,28.0,0,2,2,15.0,95.0,3,3,1,46.0
Good,77,156,1,73.0,20,1,0,91.0,15,6,5,23,4,48.0,5,1,1,11.0,64.0,3,5,0,67.0
Bad,82,203,2,79.0,30,0,0,100.0,-7,6,7,50,2,29.0,22,0,0,28.0,70.0,4,2,1,39.0
Good,91,450,29,196.0,12,0,0,100.0,-7,7,8,12,0,8.0,-8,0,0,6.0,-8.0,2,-8,0,67.0
Bad,60,12,5,9.0,2,0,0,100.0,-7,7,8,2,1,100.0,0,6,5,-8.0,97.0,-8,2,-8,100.0
Good,75,160,3,85.0,20,1,0,91.0,10,3,5,25,1,16.0,0,0,0,2.0,28.0,5,2,0,58.0
Good,87,230,6,96.0,27,0,0,100.0,-7,7,8,28,3,11.0,15,0,0,2.0,-8.0,3,1,0,24.0
Bad,70,145,1,11.0,8,0,0,100.0,-7,7,8,8,4,30.0,1,4,4,28.0,-8.0,2,1,0,43.0
Bad,63,285,12,57.0,17,1,1,82.0,21,6,6,23,0,35.0,0,4,4,67.0,87.0,5,4,2,82.0
Good,74,155,12,65.0,40,0,0,98.0,33,6,6,46,0,21.0,2,1,1,63.0,86.0,2,2,1,67.0
Bad,58,254,9,142.0,31,2,2,82.0,25,6,6,33,1,67.0,0,5,5,61.0,33.0,2,4,1,88.0
Good,70,76,6,37.0,22,0,0,100.0,-7,7,8,23,2,26.0,0,1,1,28.0,41.0,9,2,1,79.0
Good,75,-8,4,49.0,17,0,0,100.0,-7,7,8,19,2,26.0,-7,1,1,100.0,57.0,1,2,1,50.0
Bad,81,137,9,66.0,34,0,0,100.0,-7,7,8,34,1,62.0,0,1,1,24.0,92.0,3,4,0,78.0
Good,71,-8,7,74.0,33,0,0,94.0,47,6,6,0,2,30.0,7,0,0,21.0,60.0,5,3,1,50.0
Good,79,94,5,52.0,25,0,0,100.0,-7,7,8,25,2,16.0,5,2,2,10.0,78.0,5,2,0,50.0
Good,72,210,7,76.0,25,0,0,92.0,23,6,6,25,3,40.0,0,3,3,25.0,79.0,3,3,1,50.0
Good,84,260,12,125.0,15,0,0,100.0,-7,7,8,15,0,40.0,5,1,1,29.0,-8.0,2,1,0,60.0
Good,68,158,2,63.0,42,1,1,91.0,4,4,4,47,5,40.0,0,2,2,5.0,62.0,4,4,0,57.0
Bad,67,188,12,92.0,24,2,0,75.0,45,6,5,32,0,59.0,10,0,0,60.0,-8.0,5,1,0,75.0
Good,85,342,64,140.0,10,0,0,100.0,-7,7,8,10,0,60.0,0,0,0,18.0,-8.0,2,-8,0,67.0
Bad,69,274,2,73.0,44,1,1,93.0,40,6,6,47,3,43.0,0,6,6,28.0,95.0,8,6,2,58.0
Good,70,76,1,36.0,19,0,0,100.0,-7,7,8,20,3,25.0,0,2,2,31.0,42.0,5,2,1,64.0
Bad,75,199,5,73.0,37,0,0,97.0,77,6,6,39,4,16.0,0,2,2,25.0,-8.0,6,2,2,50.0
Good,88,251,15,89.0,21,0,0,100.0,-7,7,8,21,0,48.0,-7,0,0,3.0,0.0,2,2,0,57.0
Good,91,278,29,123.0,17,0,0,100.0,-7,7,8,19,0,32.0,-8,0,0,1.0,-8.0,4,1,0,63.0
Bad,73,77,5,44.0,15,0,0,100.0,-7,7,8,15,1,67.0,14,0,0,68.0,77.0,3,4,2,100.0
Bad,74,131,8,46.0,21,0,0,96.0,47,6,6,24,3,54.0,1,1,1,30.0,106.0,1,9,-8,100.0
Good,76,320,5,151.0,26,0,0,96.0,12,6,6,24,3,38.0,4,1,1,23.0,16.0,6,2,0,75.0
Bad,66,344,4,102.0,16,1,1,79.0,45,6,3,19,3,26.0,4,1,1,54.0,45.0,4,2,1,70.0
Good,79,137,9,60.0,19,0,0,100.0,-7,7,8,20,1,40.0,0,0,0,24.0,-8.0,3,1,0,44.0
Good,78,165,7,52.0,8,0,0,100.0,-7,7,8,8,1,38.0,-7,1,1,53.0,91.0,2,2,0,80.0
Good,66,267,1,53.0,20,0,0,92.0,76,6,6,24,3,21.0,0,0,0,50.0,52.0,5,3,4,57.0
Bad,55,118,8,72.0,24,6,1,63.0,2,4,3,30,1,10.0,0,0,0,36.0,28.0,4,3,2,54.0
Bad,69,129,13,63.0,24,1,0,80.0,20,6,5,25,0,24.0,-7,0,0,51.0,71.0,4,3,2,53.0
Good,72,255,2,92.0,41,0,0,98.0,11,6,6,42,1,17.0,0,3,3,9.0,-8.0,9,-8,1,53.0
Bad,76,109,3,58.0,45,0,0,96.0,30,6,6,46,3,15.0,0,1,1,6.0,-8.0,8,1,1,33.0
Good,70,132,1,47.0,33,1,0,97.0,19,6,5,37,2,16.0,0,1,1,20.0,-8.0,11,-8,2,52.0
Good,63,148,12,93.0,14,1,0,67.0,7,4,5,15,0,47.0,0,1,1,73.0,34.0,3,2,0,100.0
Good,86,191,3,77.0,38,0,0,100.0,-7,7,8,40,3,58.0,5,0,0,6.0,-8.0,4,2,1,55.0
Bad,62,341,16,87.0,12,1,0,93.0,2,4,5,14,0,14.0,7,0,0,56.0,89.0,6,1,2,78.0
Bad,56,172,5,84.0,21,2,2,88.0,2,1,3,24,1,46.0,3,2,2,41.0,53.0,10,4,2,88.0
Good,73,121,9,64.0,33,0,0,100.0,-7,6,8,34,4,35.0,0,2,2,35.0,64.0,10,2,1,92.0
Good,87,57,18,215.0,12,0,0,100.0,-7,7,8,2,0,25.0,-8,0,0,0.0,73.0,1,1,0,29.0
Good,69,145,4,67.0,20,1,1,100.0,-7,6,8,20,1,25.0,0,4,4,44.0,54.0,4,2,1,86.0
Good,79,138,4,56.0,26,0,0,100.0,-7,7,8,27,3,19.0,-7,0,0,12.0,-8.0,4,2,0,70.0
Good,81,183,6,75.0,45,0,0,100.0,-7,7,8,45,4,44.0,0,0,0,34.0,95.0,1,4,0,40.0
Bad,62,193,3,78.0,15,2,2,100.0,-7,6,8,16,2,40.0,0,3,3,99.0,38.0,5,2,3,100.0
Bad,81,170,7,72.0,6,0,0,100.0,-7,7,8,6,1,0.0,0,0,0,19.0,-8.0,4,-8,1,67.0
Bad,73,148,0,47.0,24,0,0,93.0,6,4,6,34,9,43.0,-7,9,9,14.0,67.0,2,4,0,67.0
Bad,79,41,1,15.0,6,0,0,100.0,-7,7,8,8,2,25.0,0,2,2,1.0,64.0,1,2,0,38.0
Bad,63,121,4,66.0,13,1,1,75.0,4,0,2,7,2,38.0,-7,2,2,0.0,72.0,3,2,1,75.0
Good,80,305,16,154.0,17,0,0,100.0,-7,7,8,18,0,12.0,-7,2,2,25.0,-8.0,2,1,0,44.0
Good,85,176,3,71.0,29,0,0,100.0,-7,6,7,32,3,34.0,-7,4,4,1.0,-8.0,2,1,0,50.0
Good,87,147,1,69.0,8,0,0,100.0,-7,7,8,11,2,45.0,1,3,3,2.0,100.0,1,1,0,50.0
Good,73,138,2,80.0,39,0,0,100.0,-7,7,8,12,5,28.0,0,3,3,28.0,91.0,6,5,2,69.0
Good,79,30,13,22.0,2,0,0,100.0,-7,7,8,2,0,0.0,12,0,0,27.0,-8.0,1,-8,0,50.0
Bad,70,283,6,92.0,10,1,1,100.0,-7,6,8,10,2,0.0,-7,0,0,44.0,-8.0,3,-8,0,75.0
Bad,66,287,12,82.0,25,1,1,85.0,8,0,2,26,0,23.0,8,0,0,36.0,-8.0,7,1,2,47.0
Good,84,184,4,98.0,22,0,0,100.0,-7,7,8,23,1,57.0,0,3,2,6.0,-8.0,2,-8,0,50.0
Good,73,287,4,102.0,10,1,0,55.0,13,6,5,11,3,55.0,-7,2,2,30.0,65.0,2,2,0,67.0
Good,80,130,4,57.0,24,0,0,100.0,-7,7,8,24,3,38.0,4,1,1,41.0,43.0,3,3,0,46.0
Bad,60,142,18,82.0,12,3,2,59.0,5,4,4,18,0,47.0,0,2,2,2.0,19.0,1,2,-8,75.0
Good,72,181,11,77.0,22,0,0,96.0,9,4,6,23,1,48.0,0,4,4,31.0,45.0,3,4,0,78.0
Bad,78,353,6,108.0,50,0,0,98.0,15,6,6,54,2,31.0,0,0,0,44.0,71.0,8,3,4,55.0
Good,81,244,3,128.0,54,0,0,98.0,-8,6,6,56,3,41.0,0,4,4,25.0,97.0,6,3,0,90.0
Good,61,296,9,122.0,11,1,1,82.0,24,0,6,46,1,64.0,3,1,1,29.0,61.0,2,4,1,75.0
Good,92,421,42,161.0,17,0,0,100.0,-7,7,8,19,0,42.0,0,0,0,0.0,-8.0,1,-8,0,50.0
Bad,68,373,12,88.0,21,0,0,90.0,-8,5,6,21,0,19.0,0,4,4,50.0,-8.0,6,1,4,58.0
Good,92,255,10,78.0,7,0,0,100.0,-7,7,8,8,1,13.0,0,0,0,6.0,-8.0,1,-8,0,33.0
Good,65,150,5,47.0,24,1,1,84.0,11,4,3,36,1,28.0,0,2,2,51.0,93.0,7,2,1,69.0
Good,77,68,11,31.0,7,0,0,100.0,-7,7,8,7,2,14.0,0,4,3,0.0,-8.0,0,-8,0,0.0
Good,89,521,15,244.0,27,0,0,100.0,-7,7,8,30,0,19.0,-8,0,0,3.0,-8.0,3,1,0,33.0
Good,84,199,14,114.0,22,0,0,100.0,-7,6,7,22,0,36.0,7,0,0,11.0,33.0,6,2,0,57.0
Bad,56,177,13,92.0,32,0,0,81.0,7,4,6,37,0,49.0,-7,1,1,77.0,60.0,7,3,2,71.0
Bad,56,148,12,59.0,13,2,2,75.0,1,0,2,16,0,63.0,0,1,1,86.0,4.0,3,2,1,71.0
Good,89,209,1,96.0,22,0,0,100.0,-7,7,8,26,3,38.0,5,1,1,18.0,59.0,2,3,0,71.0
Good,70,434,79,207.0,5,1,1,100.0,-7,6,8,5,0,40.0,7,0,0,60.0,-8.0,2,-8,0,100.0
Good,82,171,3,84.0,26,0,0,96.0,22,6,6,27,2,44.0,4,2,2,3.0,48.0,2,4,0,54.0
Good,73,255,12,40.0,10,0,0,100.0,-7,7,8,35,0,30.0,-7,3,3,62.0,73.0,3,2,2,83.0
Bad,66,159,16,81.0,24,0,0,100.0,-7,7,8,25,0,12.0,0,1,1,81.0,-8.0,15,-8,9,83.0
Bad,78,102,7,63.0,10,0,0,100.0,-7,7,8,11,1,9.0,7,1,0,51.0,-8.0,1,1,0,50.0
Good,88,192,2,90.0,17,0,0,100.0,-7,7,8,18,1,33.0,1,2,2,9.0,66.0,2,2,0,44.0
Bad,73,94,5,37.0,34,0,0,97.0,55,6,6,21,4,29.0,4,1,1,9.0,85.0,6,3,0,47.0
Bad,58,538,15,114.0,19,4,4,65.0,7,4,2,23,0,48.0,0,1,1,58.0,91.0,4,3,1,88.0
Good,89,328,17,132.0,34,0,0,97.0,41,6,6,35,0,14.0,-8,0,0,1.0,-8.0,3,2,0,31.0
Good,82,253,21,93.0,38,0,0,100.0,-7,7,8,39,0,28.0,18,0,0,19.0,68.0,4,3,0,62.0
Good,82,300,32,117.0,22,0,0,100.0,-7,7,8,23,0,22.0,0,1,1,41.0,43.0,3,2,1,63.0
Good,78,177,8,53.0,16,0,0,100.0,-7,7,8,16,2,38.0,0,1,1,4.0,41.0,2,2,0,57.0
Bad,64,231,3,107.0,31,0,0,94.0,5,4,6,32,2,25.0,5,1,1,23.0,75.0,10,2,2,67.0
Bad,81,74,2,47.0,24,0,0,100.0,-7,7,8,26,1,12.0,-7,2,2,8.0,-8.0,2,1,0,38.0
Bad,77,54,12,32.0,3,0,0,100.0,-7,7,8,4,0,33.0,-7,2,1,25.0,-8.0,2,-8,0,100.0
Good,70,320,4,65.0,31,0,0,100.0,-7,7,8,28,4,29.0,-7,4,4,32.0,76.0,4,3,1,47.0
Bad,81,-8,2,79.0,18,0,0,100.0,-7,7,8,0,2,42.0,-7,2,2,21.0,73.0,4,3,0,78.0
Bad,60,37,3,20.0,4,1,1,100.0,-7,7,8,4,2,100.0,-7,2,2,-8.0,80.0,-8,3,-8,100.0
Bad,81,128,5,58.0,7,0,0,100.0,-7,7,8,7,1,43.0,1,1,1,31.0,81.0,1,2,1,50.0
Good,86,225,4,79.0,14,0,0,100.0,-7,7,8,14,1,14.0,7,0,0,15.0,-8.0,2,-8,0,29.0
Good,75,105,2,53.0,22,0,0,100.0,-7,7,8,25,5,56.0,0,1,1,31.0,21.0,5,3,1,80.0
Bad,65,194,15,95.0,19,0,0,95.0,4,4,6,20,0,50.0,0,4,4,51.0,-8.0,4,1,2,83.0
Good,76,168,4,67.0,16,0,0,100.0,-7,6,7,5,3,69.0,-8,0,0,52.0,97.0,4,1,1,100.0
Bad,63,71,2,43.0,29,0,0,100.0,-7,7,8,18,5,16.0,2,3,3,46.0,86.0,12,3,3,65.0
Bad,76,422,5,128.0,35,2,0,89.0,9,3,5,37,2,3.0,0,1,1,4.0,-8.0,4,1,0,20.0
Good,67,240,10,106.0,11,1,0,92.0,4,3,5,13,1,31.0,2,1,1,0.0,-8.0,1,-8,0,40.0
Bad,65,177,17,96.0,6,0,0,43.0,5,4,6,7,0,57.0,-7,1,1,31.0,76.0,1,2,-8,100.0
Bad,56,79,35,56.0,6,3,0,67.0,3,4,5,9,0,33.0,0,0,0,54.0,-8.0,1,1,0,100.0
Bad,60,62,7,35.0,17,0,0,88.0,12,6,6,2,2,18.0,0,1,1,63.0,46.0,3,2,3,45.0
Bad,80,271,9,62.0,12,0,0,92.0,9,4,6,12,1,33.0,-7,0,0,29.0,50.0,1,2,0,60.0
Bad,70,251,50,164.0,16,0,0,94.0,10,4,6,23,0,44.0,-7,0,0,30.0,-8.0,2,1,1,80.0
Bad,59,185,15,97.0,21,5,5,75.0,1,1,2,28,0,25.0,0,1,1,9.0,67.0,2,2,1,44.0
Good,59,287,6,101.0,36,1,1,83.0,1,4,6,36,2,22.0,0,1,1,19.0,62.0,8,4,0,63.0
Bad,76,257,18,100.0,4,0,0,100.0,-7,7,8,4,0,25.0,0,0,0,80.0,-8.0,3,1,1,100.0
Bad,59,136,15,56.0,39,1,1,100.0,-7,0,8,42,0,12.0,0,0,0,48.0,-8.0,16,1,10,59.0
Bad,73,55,9,33.0,7,0,0,100.0,-7,7,8,7,1,86.0,0,1,0,-8.0,71.0,-8,2,-8,100.0
Good,70,210,9,65.0,10,2,2,90.0,17,6,6,10,1,40.0,-8,0,0,40.0,48.0,3,3,1,86.0
Bad,80,80,13,49.0,21,0,0,100.0,-7,7,8,21,0,52.0,13,0,0,33.0,-8.0,4,2,0,75.0
Bad,69,63,1,32.0,16,0,0,100.0,-7,6,7,17,3,41.0,-7,7,7,45.0,57.0,5,3,0,80.0
Good,52,195,4,86.0,12,5,3,61.0,2,4,4,19,1,67.0,0,2,2,25.0,82.0,1,4,0,71.0
Bad,68,301,7,91.0,30,0,0,100.0,-7,7,8,34,1,18.0,0,1,1,76.0,42.0,8,2,6,56.0
Good,88,197,0,87.0,28,0,0,100.0,-7,7,8,30,3,23.0,-7,4,4,0.0,-8.0,3,1,0,36.0
Bad,62,137,6,53.0,24,2,0,85.0,14,6,5,27,7,59.0,0,2,0,27.0,88.0,5,6,0,79.0
Good,81,88,17,43.0,9,0,0,100.0,-7,7,8,9,0,67.0,-8,0,0,20.0,74.0,1,3,0,67.0
Bad,74,188,4,79.0,18,0,0,100.0,-7,7,8,19,4,26.0,0,0,0,46.0,99.0,6,2,2,100.0
Bad,70,366,9,163.0,17,2,2,74.0,1,0,2,19,2,11.0,2,1,1,6.0,-8.0,2,1,1,36.0
Bad,71,60,9,29.0,12,1,1,92.0,44,6,6,12,2,75.0,0,2,1,0.0,59.0,0,2,-8,75.0
Bad,74,182,20,77.0,14,0,0,86.0,4,4,6,14,0,14.0,0,0,0,6.0,75.0,1,1,0,29.0
Bad,70,97,7,53.0,14,0,0,94.0,-8,6,6,16,1,38.0,0,1,1,17.0,69.0,2,3,0,60.0
Good,72,313,14,67.0,20,0,0,95.0,-8,6,6,31,0,19.0,14,0,0,77.0,65.0,2,2,2,44.0
Bad,73,282,2,92.0,14,1,0,94.0,32,6,5,17,3,47.0,0,5,5,46.0,46.0,2,4,0,86.0
Bad,68,209,5,110.0,43,1,0,88.0,13,5,5,48,2,54.0,-7,1,1,51.0,90.0,10,3,2,76.0
Good,80,220,28,79.0,25,0,0,100.0,-7,7,8,29,0,41.0,16,0,0,51.0,49.0,4,5,1,69.0
Bad,65,233,67,130.0,3,1,1,75.0,10,4,3,4,0,50.0,0,4,2,60.0,-8.0,1,1,-8,100.0
Good,81,189,3,68.0,41,0,0,100.0,-7,5,8,43,3,37.0,0,6,6,27.0,95.0,3,3,0,86.0
Good,75,128,2,82.0,26,0,0,96.0,18,6,6,30,2,57.0,1,2,2,16.0,41.0,1,8,1,69.0
Bad,70,166,7,86.0,19,0,0,95.0,20,6,6,20,1,40.0,0,0,0,59.0,79.0,5,3,1,73.0
Bad,67,134,6,17.0,8,0,0,100.0,-7,7,8,49,5,25.0,3,2,2,61.0,58.0,4,2,1,75.0
Good,80,391,3,105.0,14,0,0,100.0,-7,7,8,14,1,21.0,0,1,1,68.0,83.0,3,2,2,71.0
Bad,68,108,4,50.0,15,0,0,100.0,-7,7,8,18,3,44.0,4,4,4,66.0,60.0,6,2,3,100.0
Good,71,208,20,83.0,25,0,0,85.0,13,6,6,26,0,35.0,0,1,1,10.0,65.0,3,2,1,45.0
Good,75,140,7,56.0,21,0,0,100.0,-7,7,8,22,1,27.0,0,1,1,20.0,63.0,3,2,1,56.0
Bad,78,159,3,79.0,39,0,0,100.0,-7,7,8,40,1,48.0,0,1,1,23.0,84.0,6,4,1,83.0
Bad,68,181,6,98.0,2,1,1,67.0,66,6,3,3,1,100.0,-7,0,0,-8.0,-8.0,-8,1,-8,100.0
Good,70,418,6,102.0,19,0,0,100.0,-7,7,8,19,5,21.0,0,1,1,44.0,-8.0,7,2,3,77.0
Bad,72,255,13,60.0,31,0,0,100.0,-7,7,8,32,0,22.0,13,0,0,85.0,14.0,9,2,9,79.0
Bad,44,90,13,51.0,9,5,4,47.0,3,0,2,16,0,38.0,0,3,1,82.0,81.0,4,3,1,88.0
Bad,63,151,2,59.0,20,4,2,78.0,9,4,2,46,3,15.0,-7,1,1,19.0,57.0,4,1,1,38.0
Good,67,210,36,91.0,24,1,0,80.0,21,6,5,25,0,32.0,0,2,2,75.0,7.0,3,4,2,70.0
Bad,85,319,3,91.0,15,0,0,100.0,-7,7,8,17,2,24.0,0,5,5,3.0,-8.0,2,1,0,50.0
Bad,65,-8,7,19.0,27,0,0,100.0,-7,7,8,0,5,0.0,1,3,3,41.0,-8.0,4,-8,2,36.0
Bad,60,340,11,85.0,27,0,0,81.0,2,4,6,32,1,38.0,-7,0,0,40.0,100.0,6,2,2,73.0
Bad,55,75,7,45.0,16,0,0,94.0,0,4,6,12,2,13.0,-7,3,3,53.0,-8.0,12,1,3,93.0
Good,55,193,9,64.0,24,0,0,92.0,4,4,6,24,2,17.0,0,1,1,78.0,10.0,11,3,6,88.0
Good,77,242,15,97.0,23,0,0,100.0,-7,7,8,23,0,4.0,0,0,0,44.0,-8.0,5,1,2,50.0
Good,85,208,2,73.0,11,0,0,100.0,-7,7,8,13,2,38.0,1,2,2,19.0,-8.0,2,2,1,80.0
Bad,68,378,8,140.0,10,3,1,77.0,15,6,4,13,1,54.0,-7,0,0,0.0,70.0,0,3,-8,60.0
Bad,58,132,13,61.0,11,3,1,71.0,2,4,4,14,0,29.0,-7,1,1,57.0,-8.0,3,1,1,83.0
Bad,64,436,10,94.0,27,0,0,93.0,2,4,6,38,1,4.0,6,0,0,59.0,-8.0,9,-8,5,56.0
Bad,65,299,6,77.0,11,1,1,92.0,1,0,2,12,4,17.0,0,8,8,18.0,107.0,6,1,1,78.0
Good,89,154,8,78.0,6,0,0,100.0,-7,7,8,6,1,17.0,0,0,0,9.0,-8.0,1,1,0,50.0
Bad,63,180,14,90.0,3,1,1,60.0,21,6,4,5,0,40.0,0,0,0,-8.0,85.0,1,2,-8,100.0
Bad,65,169,12,73.0,53,1,1,100.0,-7,6,8,56,0,63.0,0,1,1,40.0,51.0,5,7,1,80.0
Good,89,241,12,81.0,15,0,0,100.0,-7,7,8,18,0,40.0,12,0,0,9.0,-8.0,1,1,0,50.0
Bad,56,158,2,55.0,31,0,0,82.0,2,4,6,33,5,58.0,0,9,9,0.0,96.0,1,4,1,78.0
Bad,59,81,6,41.0,27,5,5,100.0,-7,0,8,27,2,44.0,1,4,4,49.0,73.0,6,4,2,71.0
Bad,68,168,13,76.0,31,0,0,97.0,1,4,6,31,0,16.0,2,1,1,42.0,-8.0,8,1,3,60.0
Bad,69,130,2,60.0,13,3,1,82.0,41,6,2,18,1,53.0,0,3,3,6.0,60.0,3,4,1,88.0
Good,86,400,9,107.0,43,0,0,100.0,-7,7,8,43,1,33.0,13,0,0,5.0,84.0,3,2,0,38.0
Good,59,48,10,23.0,21,0,0,100.0,-7,7,8,22,2,43.0,1,3,2,52.0,87.0,5,4,3,75.0
Good,77,265,4,105.0,50,1,1,98.0,61,6,3,58,1,38.0,12,0,0,15.0,64.0,8,4,2,59.0
Good,74,502,25,191.0,13,1,0,93.0,25,6,5,14,0,0.0,-8,0,0,51.0,-8.0,3,-8,1,33.0
Bad,56,189,10,90.0,27,0,0,69.0,2,4,6,29,1,31.0,0,2,2,62.0,-8.0,7,1,2,67.0
Good,81,279,15,94.0,44,0,0,98.0,-8,6,6,47,0,36.0,0,0,0,19.0,56.0,7,2,0,64.0
Bad,55,284,4,81.0,21,3,0,84.0,1,3,5,25,4,4.0,6,0,0,21.0,-8.0,7,1,1,42.0
Bad,70,161,10,73.0,13,0,0,85.0,15,6,6,13,1,54.0,0,3,3,32.0,93.0,2,3,1,71.0
Bad,57,221,5,97.0,63,1,0,91.0,5,4,5,64,3,53.0,-7,7,7,32.0,4.0,10,10,0,71.0
Bad,73,190,19,68.0,37,0,0,100.0,-7,7,8,41,0,7.0,0,0,0,41.0,-8.0,14,1,7,63.0
Bad,63,149,13,49.0,17,1,1,100.0,-7,7,8,17,0,6.0,-7,2,2,58.0,-8.0,7,1,3,57.0
Bad,58,126,8,58.0,3,2,2,75.0,70,6,2,5,2,50.0,0,1,1,-8.0,50.0,-8,2,-8,100.0
Bad,71,207,1,82.0,22,0,0,96.0,-8,6,6,24,3,21.0,0,1,1,72.0,71.0,9,3,4,92.0
Bad,58,210,14,87.0,23,0,0,70.0,1,4,6,23,0,35.0,0,1,1,53.0,5.0,6,3,2,77.0
Good,85,150,7,68.0,19,0,0,100.0,-7,7,8,19,1,58.0,-8,0,0,19.0,55.0,2,6,0,80.0
Good,85,146,2,82.0,50,0,0,100.0,-7,6,7,62,1,47.0,2,1,1,14.0,44.0,4,5,0,56.0
Bad,78,92,6,25.0,10,0,0,100.0,-7,7,8,10,4,30.0,0,2,2,16.0,71.0,2,2,0,57.0
Bad,65,13,5,44.0,18,1,1,95.0,34,0,2,1,2,26.0,-7,0,0,58.0,15.0,6,2,1,89.0
Bad,60,154,9,53.0,56,0,0,100.0,-7,7,8,58,1,41.0,0,1,1,67.0,87.0,5,3,4,80.0
Good,73,200,2,74.0,70,0,0,99.0,39,6,6,71,4,66.0,1,8,8,9.0,94.0,4,9,0,82.0
Good,73,207,4,68.0,25,0,0,96.0,17,6,6,26,4,46.0,0,4,3,0.0,-8.0,2,1,0,43.0
Bad,68,104,3,41.0,16,0,0,100.0,-7,7,8,17,4,63.0,0,0,0,49.0,52.0,4,3,2,88.0
Bad,84,239,6,63.0,25,0,0,100.0,-7,7,8,27,4,37.0,0,5,5,7.0,-8.0,2,-8,0,20.0
Good,64,216,2,86.0,18,5,1,60.0,42,6,4,25,2,36.0,0,4,3,40.0,58.0,1,4,1,60.0
Good,83,280,3,128.0,19,0,0,100.0,-7,7,8,12,2,45.0,13,0,0,37.0,70.0,5,3,0,73.0
Bad,73,28,4,18.0,4,0,0,100.0,-7,7,8,4,1,50.0,0,5,5,41.0,81.0,2,2,0,100.0
Bad,86,294,9,118.0,16,0,0,100.0,-7,7,8,16,1,19.0,0,0,0,18.0,-8.0,2,2,0,44.0
Good,66,135,9,57.0,17,1,1,94.0,3,2,4,18,6,33.0,0,1,1,6.0,-8.0,2,2,0,63.0
Bad,64,256,9,41.0,16,1,1,94.0,10,4,6,28,3,29.0,0,3,3,60.0,40.0,9,2,2,92.0
Good,86,199,3,83.0,21,0,0,100.0,-7,7,8,21,2,43.0,7,0,0,2.0,-8.0,5,1,0,75.0
Good,77,313,3,65.0,49,0,0,100.0,-7,7,8,49,5,39.0,7,0,0,4.0,90.0,7,9,0,59.0
Good,76,125,8,67.0,11,0,0,100.0,-7,7,8,12,2,42.0,-7,2,2,59.0,-8.0,2,1,0,100.0
Bad,70,518,23,143.0,11,1,1,100.0,-7,6,8,12,0,17.0,-8,0,0,21.0,-8.0,6,-8,0,75.0
Good,72,176,11,76.0,35,0,0,97.0,10,4,6,35,1,37.0,0,0,0,17.0,52.0,3,4,1,41.0
Bad,60,156,1,62.0,32,0,0,100.0,-7,7,8,17,4,15.0,-7,1,1,76.0,-8.0,13,1,3,89.0
Good,71,176,6,87.0,16,1,1,94.0,57,6,2,17,1,35.0,-7,0,0,70.0,-8.0,3,-8,1,75.0
Bad,67,123,8,53.0,17,0,0,94.0,-8,6,6,18,2,39.0,-7,1,1,53.0,39.0,6,3,2,82.0
Bad,84,130,11,61.0,14,0,0,100.0,-7,7,8,14,2,43.0,0,1,1,0.0,61.0,2,2,0,67.0
Bad,75,184,14,89.0,12,0,0,100.0,-7,7,8,17,0,71.0,10,0,0,58.0,82.0,2,3,1,100.0
Good,84,223,1,75.0,18,0,0,100.0,-7,7,8,20,2,40.0,0,0,0,10.0,-8.0,4,1,1,71.0
Bad,78,82,5,54.0,33,0,0,100.0,-7,7,8,41,2,15.0,-7,3,3,21.0,11.0,9,3,2,50.0
Bad,61,190,7,118.0,34,0,0,82.0,22,5,6,34,1,50.0,19,0,0,97.0,78.0,6,4,4,100.0
Good,66,286,8,122.0,40,0,0,89.0,38,6,6,44,1,57.0,0,0,0,100.0,32.0,2,3,1,100.0
Bad,91,447,24,110.0,27,0,0,100.0,-7,7,8,27,0,15.0,22,0,0,2.0,-8.0,3,1,0,33.0
Good,80,319,8,81.0,31,1,0,97.0,37,6,5,34,4,31.0,9,0,0,6.0,52.0,4,3,0,47.0
Bad,71,358,9,97.0,39,0,0,100.0,-7,7,8,39,1,10.0,0,0,0,29.0,2.0,7,2,2,37.0
Good,72,391,14,95.0,15,0,0,87.0,19,6,6,15,0,27.0,-8,0,0,30.0,72.0,8,2,1,91.0
Bad,65,111,19,63.0,23,1,1,92.0,25,6,2,25,0,64.0,0,4,4,72.0,114.0,1,8,0,90.0
Good,87,32,2,89.0,20,0,0,100.0,-7,5,7,3,1,18.0,-7,0,0,14.0,22.0,4,1,0,83.0
Good,89,257,10,153.0,27,0,0,100.0,-7,7,8,28,1,29.0,-7,2,2,1.0,57.0,4,1,0,38.0
Good,79,-8,7,104.0,20,0,0,95.0,27,6,6,20,2,55.0,-7,0,0,27.0,49.0,5,3,0,100.0
Bad,67,132,7,38.0,11,1,1,100.0,-7,0,8,12,4,36.0,0,3,3,35.0,97.0,3,3,0,75.0
Good,85,266,18,80.0,16,0,0,100.0,-7,7,8,16,0,25.0,0,0,0,19.0,-8.0,5,1,0,75.0
Good,75,300,2,130.0,27,0,0,93.0,78,6,6,28,1,25.0,0,5,5,39.0,97.0,3,4,0,64.0
Good,81,243,1,89.0,41,0,0,100.0,-7,7,8,44,9,27.0,0,7,6,1.0,39.0,7,4,0,50.0
Bad,61,215,14,120.0,16,0,0,89.0,4,4,6,18,0,39.0,0,2,2,45.0,-8.0,5,1,2,67.0
Bad,80,315,27,114.0,12,0,0,83.0,38,6,6,13,0,50.0,14,0,0,18.0,70.0,3,2,0,83.0
Bad,73,61,1,83.0,33,6,6,91.0,36,6,6,25,5,51.0,4,1,1,8.0,95.0,5,3,0,67.0
Bad,68,39,4,20.0,10,0,0,100.0,-7,7,8,10,3,60.0,5,1,1,51.0,95.0,3,3,2,86.0
Bad,64,212,2,61.0,33,1,0,87.0,11,4,5,39,7,49.0,-7,10,10,0.0,100.0,1,5,0,50.0
Bad,55,77,2,48.0,5,2,2,100.0,-7,7,8,8,2,67.0,0,2,2,94.0,190.0,2,4,-8,100.0
Good,74,148,9,89.0,17,1,1,95.0,50,6,2,19,1,47.0,0,2,1,12.0,-8.0,1,1,0,40.0
Bad,63,161,5,45.0,37,0,0,100.0,-7,7,8,39,6,18.0,0,1,1,41.0,84.0,20,2,2,96.0
Bad,58,162,11,103.0,35,1,1,66.0,25,5,2,41,1,49.0,0,1,1,69.0,92.0,8,5,2,88.0
Good,68,165,6,71.0,21,1,0,65.0,22,6,5,23,3,65.0,0,0,0,11.0,85.0,1,3,0,57.0
Good,81,126,9,78.0,18,0,0,100.0,-7,7,8,18,1,83.0,0,0,0,0.0,64.0,1,3,-8,80.0
Bad,72,140,13,44.0,7,0,0,100.0,-7,7,8,7,0,71.0,-7,0,0,82.0,69.0,2,2,1,100.0
Bad,68,72,5,38.0,21,0,0,95.0,20,6,6,22,3,36.0,0,1,1,47.0,90.0,3,5,1,73.0
Bad,62,199,2,65.0,18,0,0,85.0,22,6,6,20,3,40.0,-7,5,5,58.0,82.0,4,3,1,88.0
Bad,89,272,22,126.0,16,0,0,100.0,-7,7,8,16,0,25.0,1,1,1,9.0,43.0,2,2,0,40.0
Good,90,244,4,96.0,31,0,0,100.0,-7,7,8,31,1,42.0,0,3,3,2.0,-8.0,1,1,0,20.0
Good,84,200,12,69.0,18,0,0,100.0,-7,7,8,18,0,39.0,13,0,0,1.0,86.0,2,2,0,40.0
Good,68,106,3,54.0,29,1,1,87.0,51,6,2,31,2,65.0,0,1,1,85.0,73.0,3,5,2,100.0
Good,80,193,5,61.0,38,0,0,95.0,17,5,6,43,1,16.0,0,1,1,34.0,-8.0,6,1,0,64.0
Bad,60,170,7,59.0,21,0,0,96.0,57,6,6,26,3,69.0,0,2,2,88.0,-8.0,7,1,3,100.0
Bad,72,206,3,90.0,46,1,0,96.0,44,6,5,47,2,26.0,-7,2,2,45.0,58.0,2,4,1,50.0
Bad,63,137,4,41.0,18,0,0,100.0,-7,7,8,18,5,22.0,-7,3,3,60.0,98.0,8,2,3,71.0
Bad,59,99,1,57.0,8,3,0,64.0,11,4,5,14,4,43.0,0,2,2,67.0,87.0,4,3,1,88.0
Good,79,147,5,50.0,34,0,0,100.0,-7,7,8,34,7,15.0,0,1,1,1.0,44.0,2,2,0,18.0
Good,70,110,3,58.0,32,2,1,86.0,27,6,3,36,3,40.0,15,0,0,44.0,80.0,6,7,2,93.0
Good,66,104,4,85.0,25,0,0,96.0,11,4,6,7,3,31.0,-7,2,2,38.0,-8.0,7,1,1,80.0
Bad,71,103,15,94.0,6,1,0,86.0,13,6,5,7,0,14.0,-7,0,0,48.0,-8.0,2,-8,0,67.0
Bad,66,283,3,95.0,16,0,0,75.0,11,4,6,16,2,38.0,3,4,4,34.0,-8.0,3,1,1,57.0
Bad,55,168,4,71.0,4,2,2,40.0,5,2,4,5,1,20.0,0,2,2,0.0,-8.0,0,-8,-8,0.0
Bad,84,146,12,80.0,22,0,0,95.0,46,6,6,22,0,0.0,1,2,2,0.0,-8.0,0,-8,0,0.0
Bad,50,311,25,76.0,12,1,0,60.0,2,3,5,15,0,20.0,0,1,1,84.0,64.0,5,2,2,88.0
Good,81,141,3,59.0,34,1,0,97.0,54,6,5,37,3,51.0,0,1,1,4.0,94.0,2,2,0,44.0
Good,87,155,4,70.0,35,0,0,100.0,-7,7,8,36,1,19.0,0,0,0,2.0,-8.0,2,1,0,20.0
Good,81,168,4,99.0,13,0,0,71.0,48,6,6,17,1,65.0,0,0,0,10.0,26.0,1,2,-8,75.0
Bad,72,120,3,51.0,16,1,0,94.0,80,6,5,19,2,53.0,-7,3,3,44.0,81.0,5,9,0,100.0
Bad,62,265,22,68.0,7,0,0,71.0,3,4,6,14,0,29.0,-7,0,0,79.0,-8.0,2,1,1,75.0
Bad,70,136,20,68.0,17,0,0,82.0,18,6,6,17,0,18.0,0,0,0,54.0,31.0,6,2,2,80.0
Bad,63,174,1,62.0,11,1,0,79.0,5,3,5,14,1,29.0,0,5,5,37.0,101.0,5,2,2,70.0
Good,73,106,4,48.0,19,0,0,95.0,81,6,6,20,3,30.0,1,4,4,20.0,89.0,1,3,1,40.0
Bad,83,215,6,83.0,23,0,0,100.0,-7,7,8,23,2,61.0,1,2,2,13.0,-8.0,3,3,1,75.0
Good,82,194,4,102.0,26,0,0,100.0,-7,7,8,15,2,35.0,-8,2,0,12.0,51.0,3,3,0,67.0
Bad,72,-8,4,76.0,31,0,0,100.0,-7,7,8,33,3,27.0,-7,1,1,22.0,41.0,5,3,1,53.0
Bad,54,316,30,132.0,8,10,6,47.0,4,3,3,19,0,47.0,5,0,0,38.0,60.0,2,2,0,57.0
Good,65,176,5,72.0,12,2,2,79.0,10,4,3,14,2,36.0,20,0,0,58.0,-8.0,5,1,3,60.0
Bad,77,349,3,77.0,36,0,0,97.0,21,6,6,7,1,22.0,0,1,1,4.0,56.0,4,2,0,46.0
Good,89,255,32,106.0,9,0,0,100.0,-7,7,8,9,0,22.0,0,1,1,2.0,-8.0,2,1,-8,100.0
Bad,63,141,6,28.0,2,0,0,50.0,30,6,6,10,1,0.0,6,0,0,72.0,-8.0,2,-8,0,100.0
Bad,78,161,6,70.0,18,0,0,90.0,14,6,6,20,1,30.0,0,0,0,1.0,67.0,3,3,0,64.0
Good,87,327,6,117.0,19,0,0,96.0,-7,5,7,23,3,43.0,5,0,0,9.0,-8.0,5,1,0,60.0
Bad,72,209,2,95.0,41,0,0,100.0,-7,7,8,42,3,38.0,0,1,1,42.0,-8.0,7,2,2,82.0
Good,61,380,1,108.0,47,0,0,98.0,-8,6,6,55,7,16.0,0,7,7,39.0,-8.0,11,4,5,53.0
Bad,72,304,17,112.0,31,1,1,94.0,8,4,3,32,0,31.0,0,1,1,35.0,56.0,5,2,1,62.0
Good,82,108,7,47.0,10,0,0,100.0,-7,7,8,2,2,20.0,23,0,0,19.0,-8.0,2,1,0,60.0
Bad,88,188,17,107.0,9,0,0,100.0,-7,7,8,16,0,33.0,-7,0,0,0.0,69.0,1,2,0,57.0
Bad,59,183,2,73.0,28,1,1,90.0,2,0,2,31,2,32.0,0,10,10,66.0,62.0,5,3,1,57.0
Good,83,303,1,132.0,13,0,0,100.0,-7,7,8,15,2,20.0,0,2,2,15.0,-8.0,5,1,1,75.0
Good,84,83,4,61.0,22,0,0,100.0,-7,7,8,19,5,41.0,4,1,1,4.0,91.0,3,2,0,56.0
Good,79,267,7,86.0,17,0,0,88.0,68,6,6,18,3,35.0,-7,0,0,0.0,-8.0,0,2,0,25.0
Bad,69,146,3,47.0,16,1,0,84.0,20,6,5,19,3,58.0,3,1,1,1.0,52.0,2,4,1,60.0
Good,66,213,6,120.0,12,3,3,80.0,54,6,3,15,3,33.0,0,2,2,88.0,84.0,2,2,1,100.0
Bad,73,39,5,15.0,9,0,0,100.0,-7,7,8,9,2,33.0,0,0,0,28.0,100.0,5,2,0,100.0
Bad,74,90,3,42.0,15,0,0,93.0,42,6,6,33,2,40.0,2,2,2,28.0,99.0,4,2,0,78.0
Good,88,168,3,89.0,20,0,0,100.0,-7,6,7,11,1,20.0,20,1,1,5.0,-8.0,3,-8,0,43.0
Bad,80,90,33,68.0,10,0,0,100.0,-7,7,8,11,0,10.0,-7,1,1,57.0,-8.0,1,1,0,40.0
Bad,70,213,19,107.0,33,1,0,97.0,19,6,5,54,0,15.0,0,2,2,32.0,27.0,4,2,3,44.0
Bad,57,107,3,53.0,25,1,1,96.0,-8,6,3,26,4,54.0,0,7,7,89.0,36.0,5,3,2,82.0
Good,78,162,8,58.0,38,0,0,100.0,-7,7,8,53,2,18.0,2,1,1,6.0,80.0,3,3,0,32.0
Bad,60,-8,2,95.0,42,2,1,87.0,3,4,3,49,3,18.0,-7,8,8,44.0,60.0,7,3,1,48.0
Good,85,151,3,56.0,20,0,0,100.0,-7,7,8,21,1,25.0,17,0,0,7.0,-8.0,1,1,0,60.0
Bad,58,116,15,74.0,11,2,0,53.0,6,4,5,15,0,27.0,-7,0,0,85.0,43.0,4,3,2,78.0
Good,65,321,3,74.0,27,2,1,68.0,21,6,4,31,5,45.0,0,4,4,11.0,91.0,1,4,0,56.0
Bad,68,184,17,69.0,19,1,1,100.0,-7,6,8,19,0,68.0,5,0,0,0.0,11.0,1,2,-8,100.0
Bad,59,15,4,9.0,8,0,0,100.0,-7,7,8,8,6,25.0,-7,1,1,66.0,83.0,2,2,2,63.0
Good,76,154,17,104.0,26,0,0,100.0,-7,7,8,17,0,31.0,2,2,2,25.0,77.0,2,2,1,83.0
Good,65,275,2,81.0,42,0,0,93.0,15,6,6,44,5,50.0,0,3,3,63.0,77.0,4,6,1,71.0
Good,83,306,2,92.0,30,0,0,100.0,-7,7,8,32,3,22.0,-8,0,0,18.0,-8.0,5,1,1,43.0
Bad,86,97,14,68.0,24,0,0,100.0,-7,7,8,33,0,12.0,-7,0,0,2.0,-8.0,1,1,0,25.0
Good,70,7,7,7.0,1,0,0,100.0,-7,7,8,1,1,100.0,-8,0,0,-8.0,92.0,-8,1,-8,100.0
Bad,64,144,2,63.0,18,2,2,85.0,72,5,3,21,3,50.0,0,6,6,60.0,80.0,2,5,1,78.0
Bad,54,190,6,74.0,21,0,0,65.0,1,4,6,23,1,48.0,0,0,0,94.0,-8.0,6,1,2,100.0
Good,85,259,7,78.0,11,0,0,100.0,-7,7,8,11,1,36.0,0,0,0,6.0,86.0,2,2,0,50.0
Bad,69,78,5,40.0,16,0,0,100.0,-7,7,8,16,1,25.0,0,2,2,69.0,-8.0,3,2,2,83.0
Good,90,217,32,90.0,27,0,0,100.0,-7,7,8,10,0,30.0,0,1,1,1.0,-8.0,4,1,0,63.0
Bad,74,103,2,26.0,6,0,0,100.0,-7,7,8,8,4,38.0,0,3,3,36.0,-8.0,2,1,1,60.0
Bad,69,300,5,66.0,31,0,0,100.0,-7,7,8,36,7,16.0,-7,1,1,44.0,51.0,9,3,2,60.0
Good,91,17,58,177.0,10,0,0,100.0,-7,7,8,3,0,10.0,-7,0,0,2.0,-8.0,5,-8,0,71.0
Good,77,298,10,121.0,23,0,0,100.0,-7,7,8,24,2,25.0,1,3,3,48.0,87.0,5,1,1,67.0
Bad,74,273,5,73.0,39,0,0,98.0,5,4,6,40,3,43.0,0,1,0,3.0,138.0,2,7,0,45.0
Bad,57,165,2,71.0,38,0,0,98.0,1,4,6,48,3,44.0,0,10,10,89.0,72.0,12,3,6,88.0
Bad,55,174,7,84.0,35,2,0,73.0,8,4,5,37,2,38.0,0,1,1,17.0,65.0,3,5,0,62.0
Good,76,282,3,64.0,39,0,0,100.0,-7,7,8,40,3,28.0,-7,0,0,14.0,86.0,6,1,2,44.0
Good,74,254,11,85.0,10,0,0,100.0,-7,7,8,10,1,50.0,4,1,1,93.0,38.0,2,3,2,100.0
Bad,57,121,12,63.0,7,4,4,70.0,57,0,2,11,0,60.0,0,0,0,38.0,78.0,1,3,0,100.0
Bad,66,183,4,64.0,19,4,3,82.0,18,6,2,22,2,50.0,0,0,0,85.0,85.0,4,7,1,92.0
Bad,69,176,8,73.0,31,0,0,97.0,-8,6,6,32,4,38.0,0,0,0,72.0,96.0,6,3,4,75.0
Bad,68,126,8,58.0,15,0,0,63.0,16,6,6,16,1,44.0,7,0,0,47.0,68.0,1,5,1,55.0
Good,88,237,16,119.0,10,0,0,100.0,-7,7,8,10,0,10.0,23,0,0,1.0,-8.0,4,1,0,56.0
Good,71,346,1,105.0,34,0,0,100.0,-7,7,8,62,6,16.0,2,1,1,51.0,59.0,11,3,5,58.0
Good,83,183,14,73.0,17,0,0,100.0,-7,7,8,17,0,35.0,14,0,0,20.0,-8.0,3,1,0,44.0
Good,89,280,10,90.0,19,0,0,100.0,-7,7,8,20,1,16.0,-8,0,0,1.0,-8.0,2,1,0,33.0
Bad,74,123,2,59.0,3,1,0,57.0,7,4,5,7,1,57.0,0,6,5,5.0,99.0,1,1,0,67.0
Good,88,215,12,102.0,11,0,0,100.0,-7,7,8,11,0,36.0,-7,1,1,4.0,-8.0,3,1,0,80.0
Good,82,34,5,26.0,4,0,0,100.0,-7,7,8,4,1,50.0,5,0,0,0.0,95.0,0,2,0,50.0
Bad,72,263,6,95.0,38,0,0,97.0,32,6,6,38,3,24.0,-7,0,0,53.0,35.0,8,2,2,61.0
Bad,69,59,10,43.0,10,2,2,75.0,32,6,3,12,1,50.0,0,0,0,18.0,81.0,1,2,0,75.0
Good,82,129,14,65.0,19,0,0,100.0,-7,7,8,20,0,30.0,1,2,2,12.0,80.0,2,2,0,67.0
Good,59,247,4,92.0,31,4,3,97.0,44,6,5,33,3,21.0,2,4,3,53.0,-8.0,5,1,3,47.0
Good,89,207,121,150.0,7,0,0,100.0,-7,7,8,7,0,14.0,-8,0,0,2.0,-8.0,2,-8,0,100.0
Good,62,416,19,145.0,30,0,0,82.0,4,4,6,34,0,21.0,19,0,0,62.0,55.0,11,2,5,78.0
Good,67,220,2,44.0,20,0,0,95.0,71,6,6,22,10,19.0,0,1,1,34.0,-8.0,4,1,1,50.0
Good,68,231,2,18.0,6,1,1,100.0,-7,7,8,20,4,0.0,-7,2,2,8.0,-8.0,2,-8,0,50.0
Bad,63,206,2,66.0,19,0,0,82.0,6,4,6,22,4,45.0,0,2,2,56.0,39.0,6,2,1,75.0
Good,71,-8,15,117.0,19,7,7,75.0,63,6,3,29,0,72.0,14,0,0,53.0,69.0,1,3,0,67.0
Good,68,299,10,75.0,36,0,0,100.0,-7,7,8,37,2,25.0,-7,0,0,73.0,32.0,7,3,4,91.0
Good,77,255,5,72.0,40,0,0,100.0,-7,7,8,45,7,22.0,-7,1,1,3.0,71.0,7,5,1,46.0
Good,67,136,2,73.0,15,1,1,89.0,33,6,6,30,2,56.0,-8,0,0,61.0,100.0,3,2,0,100.0
Good,76,182,7,86.0,22,0,0,100.0,-7,7,8,23,4,39.0,0,0,0,31.0,64.0,4,4,1,80.0
Bad,65,336,1,78.0,33,1,1,94.0,21,6,2,35,2,40.0,0,4,4,59.0,30.0,11,5,3,80.0
Good,86,201,9,83.0,16,0,0,100.0,-7,7,8,16,1,19.0,0,0,0,5.0,60.0,2,1,0,60.0
Good,78,176,13,100.0,36,2,2,100.0,-7,6,8,36,0,30.0,3,1,1,1.0,-8.0,1,2,0,33.0
Good,81,297,7,84.0,23,0,0,100.0,-7,7,8,23,2,9.0,0,1,1,23.0,8.0,4,1,0,28.0
Good,71,271,7,99.0,25,1,0,92.0,56,6,5,26,3,31.0,7,0,0,81.0,90.0,3,3,2,64.0
Bad,75,179,6,83.0,23,0,0,100.0,-7,7,8,23,1,30.0,-7,0,0,43.0,84.0,8,2,1,71.0
Bad,62,393,6,155.0,17,0,0,94.0,1,4,6,17,2,41.0,5,0,0,64.0,-8.0,8,-8,1,89.0
Good,66,311,9,84.0,32,1,1,100.0,-7,7,8,33,3,39.0,-7,0,0,48.0,64.0,9,5,1,74.0
Bad,54,244,15,92.0,36,2,2,69.0,5,4,2,42,0,21.0,0,0,0,78.0,80.0,12,2,5,61.0
Good,84,283,24,110.0,13,0,0,100.0,-7,7,8,13,0,15.0,0,1,1,28.0,-8.0,2,1,0,80.0
Bad,66,120,2,43.0,18,0,0,100.0,-7,7,8,21,3,55.0,-7,0,0,87.0,83.0,5,5,3,100.0
Good,89,159,11,62.0,9,0,0,100.0,-7,7,8,9,3,22.0,11,1,0,2.0,-8.0,1,1,0,33.0
Good,77,177,1,59.0,41,0,0,100.0,-7,7,8,43,6,9.0,0,3,3,3.0,-8.0,8,1,1,33.0
Bad,59,545,14,130.0,30,0,0,80.0,6,4,6,30,0,37.0,0,0,0,80.0,77.0,9,5,3,88.0
Bad,63,322,1,92.0,13,1,0,80.0,16,6,5,15,2,13.0,-7,1,1,72.0,-8.0,4,2,4,55.0
Good,56,368,10,44.0,25,0,0,92.0,4,4,6,40,1,16.0,9,0,0,41.0,74.0,10,3,2,65.0
Bad,82,108,7,60.0,17,0,0,100.0,-7,7,8,18,1,28.0,0,0,0,36.0,40.0,2,3,0,56.0
Bad,68,-8,8,45.0,28,0,0,93.0,24,6,6,32,3,13.0,4,1,1,26.0,83.0,8,2,2,63.0
Good,78,292,15,113.0,26,0,0,100.0,-7,7,8,26,0,35.0,1,1,1,24.0,83.0,3,4,1,62.0
Good,71,205,17,92.0,39,0,0,100.0,-7,7,8,41,0,25.0,7,0,0,47.0,-8.0,8,4,5,57.0
Bad,68,140,3,49.0,9,2,2,90.0,81,6,2,8,2,30.0,-7,4,4,104.0,77.0,2,1,1,60.0
Bad,60,21,9,13.0,3,1,1,100.0,-7,6,8,3,2,33.0,-7,0,0,94.0,-8.0,2,1,2,100.0
Good,59,21,1,8.0,4,1,1,100.0,-7,0,8,7,5,33.0,0,0,0,11.0,93.0,2,2,0,80.0
Bad,68,185,22,97.0,36,1,0,95.0,64,6,5,39,0,49.0,-7,0,0,65.0,67.0,8,3,3,86.0
Bad,71,194,3,115.0,14,2,1,94.0,4,3,5,16,1,31.0,-7,3,3,10.0,-8.0,1,-8,0,50.0
Good,70,207,0,74.0,22,0,0,100.0,-7,7,8,23,1,13.0,0,1,1,62.0,25.0,5,3,2,67.0
Bad,68,89,8,52.0,20,0,0,86.0,55,6,6,21,2,14.0,0,1,1,29.0,79.0,7,2,0,67.0
Bad,67,-8,7,68.0,34,0,0,100.0,-7,7,8,39,3,13.0,-7,5,5,90.0,40.0,13,4,9,89.0
Bad,79,13,9,49.0,23,0,0,100.0,-7,7,8,1,1,22.0,-7,0,0,12.0,86.0,1,2,0,33.0
Good,87,163,84,109.0,9,0,0,100.0,-7,7,8,9,0,33.0,-8,0,0,28.0,-8.0,3,1,0,67.0
Bad,68,216,4,91.0,23,1,1,88.0,52,6,2,26,6,54.0,-7,2,2,42.0,90.0,6,2,1,80.0
Bad,66,136,2,40.0,20,0,0,100.0,-7,7,8,22,6,9.0,0,0,0,33.0,-8.0,6,1,3,64.0
Bad,63,102,4,56.0,5,4,3,38.0,11,4,3,13,1,38.0,0,0,0,16.0,81.0,1,4,0,83.0
Bad,81,98,3,40.0,22,0,0,100.0,-7,7,8,23,6,17.0,1,4,3,0.0,81.0,0,1,0,11.0
Bad,59,181,13,71.0,15,3,3,93.0,12,6,6,18,0,27.0,0,2,2,41.0,31.0,3,2,-8,71.0
Good,76,187,5,70.0,64,0,0,100.0,-7,7,8,65,2,30.0,2,1,1,26.0,75.0,7,4,1,55.0
Bad,55,110,20,63.0,9,2,0,62.0,11,4,5,13,0,46.0,0,1,1,92.0,89.0,3,2,1,100.0
Good,75,176,35,107.0,24,0,0,96.0,29,6,6,24,0,25.0,0,2,2,15.0,-8.0,4,2,0,60.0
Good,81,139,0,51.0,14,0,0,100.0,-7,7,8,15,4,20.0,0,3,2,16.0,60.0,2,3,0,45.0
Bad,74,124,11,80.0,36,4,2,91.0,23,6,3,45,1,69.0,0,0,0,7.0,66.0,3,9,0,75.0
Good,91,180,24,112.0,6,0,0,100.0,-7,7,8,7,0,50.0,-8,0,0,2.0,-8.0,1,1,0,67.0
Bad,75,61,6,21.0,17,0,0,94.0,-7,5,7,17,7,29.0,0,1,1,13.0,-8.0,5,3,0,53.0
Good,88,188,13,82.0,20,0,0,100.0,-7,7,8,20,0,40.0,0,0,0,17.0,82.0,2,2,0,50.0
Bad,74,217,5,94.0,28,0,0,100.0,-7,6,8,30,1,57.0,0,2,2,72.0,-8.0,4,2,3,75.0
Bad,63,405,11,84.0,15,1,0,82.0,57,6,5,17,1,35.0,0,0,0,76.0,91.0,6,2,4,80.0
Good,87,443,4,151.0,22,0,0,100.0,-7,7,8,25,3,27.0,0,2,2,1.0,48.0,3,2,0,55.0
Good,60,12,2,7.0,1,1,1,100.0,-7,7,8,3,1,50.0,0,3,3,18.0,-8.0,1,-8,-8,100.0
Bad,74,143,4,58.0,20,0,0,100.0,-7,7,8,22,4,41.0,-7,4,4,26.0,40.0,5,3,2,57.0
Bad,70,333,1,49.0,13,2,2,100.0,-7,6,8,20,2,36.0,-7,3,3,8.0,96.0,1,3,0,50.0
Good,70,150,26,165.0,31,0,0,95.0,1,4,6,10,0,37.0,1,3,3,7.0,-8.0,4,2,0,46.0
Good,69,142,2,42.0,15,2,2,83.0,35,6,2,18,3,39.0,0,0,0,19.0,43.0,4,3,0,64.0
Good,90,-8,4,132.0,15,0,0,100.0,-7,7,8,0,1,33.0,4,1,1,3.0,97.0,2,2,0,44.0
Bad,56,24,1,10.0,4,1,1,100.0,-7,6,8,5,3,20.0,0,20,20,93.0,-8.0,2,1,1,75.0
Good,79,133,2,68.0,27,0,0,100.0,-7,7,8,30,3,36.0,0,4,4,1.0,93.0,4,2,0,60.0
Bad,63,178,1,46.0,17,2,0,90.0,5,3,5,21,3,57.0,-7,2,2,43.0,99.0,4,6,1,91.0
Bad,72,171,3,68.0,21,0,0,96.0,49,6,6,24,4,33.0,0,4,4,36.0,22.0,4,2,1,67.0
Good,81,-8,8,31.0,10,0,0,100.0,-7,7,8,11,2,18.0,0,1,1,0.0,-8.0,0,1,0,13.0
Good,68,86,2,32.0,26,0,0,100.0,-7,7,8,28,5,25.0,0,4,4,22.0,92.0,5,3,0,57.0
Bad,67,194,5,80.0,17,0,0,94.0,2,4,6,17,1,41.0,3,1,1,30.0,49.0,1,4,1,71.0
Good,84,219,18,61.0,10,0,0,100.0,-7,7,8,10,0,10.0,-8,0,0,13.0,-8.0,6,1,0,78.0
Good,75,134,3,63.0,28,1,0,97.0,80,6,5,34,2,21.0,2,5,5,16.0,-8.0,3,1,0,67.0
Bad,64,323,7,106.0,21,5,4,77.0,11,0,5,23,2,9.0,14,0,0,27.0,71.0,5,2,1,50.0
Bad,86,-8,4,93.0,38,0,0,100.0,-7,7,8,39,1,5.0,-7,0,0,9.0,51.0,7,2,0,36.0
Good,73,212,7,104.0,42,0,0,100.0,-7,7,8,45,3,32.0,1,2,2,52.0,83.0,4,2,4,55.0
Bad,66,109,7,52.0,3,2,2,80.0,-8,6,6,5,1,40.0,0,4,4,-8.0,-8.0,-8,1,-8,100.0
Bad,86,169,8,141.0,24,0,0,100.0,-7,7,8,6,1,8.0,1,2,1,9.0,-8.0,1,1,0,18.0
Bad,62,166,1,48.0,43,0,0,100.0,-7,7,8,44,6,41.0,0,10,10,55.0,84.0,6,4,5,59.0
Good,85,267,4,125.0,25,0,0,100.0,-7,7,8,18,6,48.0,4,1,1,15.0,90.0,3,5,0,80.0
Good,69,402,26,139.0,15,0,0,93.0,4,4,6,15,0,53.0,0,2,2,46.0,68.0,5,2,0,100.0
Bad,78,272,4,90.0,14,0,0,100.0,-7,7,8,25,2,29.0,-7,0,0,32.0,-8.0,6,1,2,78.0
Bad,65,371,12,123.0,19,0,0,95.0,63,6,6,20,0,26.0,1,3,3,91.0,60.0,8,3,7,100.0
Good,74,123,1,52.0,23,0,0,100.0,-7,7,8,24,3,33.0,5,0,0,38.0,43.0,4,5,1,75.0
Bad,60,107,7,51.0,24,0,0,100.0,-7,7,8,24,1,42.0,0,3,3,64.0,50.0,8,3,5,79.0
Bad,57,385,9,81.0,26,0,0,85.0,2,4,6,28,1,23.0,8,0,0,73.0,84.0,5,2,2,58.0
Good,71,303,3,116.0,20,0,0,86.0,20,6,6,21,1,24.0,2,1,1,43.0,20.0,4,2,0,75.0
Good,90,179,13,86.0,12,0,0,100.0,-7,7,8,12,0,25.0,0,4,4,0.0,-8.0,2,1,0,50.0
Bad,73,273,5,100.0,23,2,2,88.0,37,6,2,25,2,46.0,0,0,0,0.0,82.0,1,2,0,50.0
Bad,77,154,1,47.0,22,0,0,100.0,-7,7,8,24,2,30.0,18,0,0,12.0,36.0,2,2,1,71.0
Good,62,220,3,79.0,12,0,0,93.0,10,4,6,15,1,21.0,3,1,1,93.0,-8.0,4,1,3,83.0
Good,77,147,3,72.0,29,0,0,93.0,52,6,6,30,3,37.0,0,2,2,31.0,74.0,3,4,0,70.0
Good,84,128,7,81.0,13,0,0,100.0,-7,7,8,14,1,7.0,0,3,3,0.0,93.0,1,1,0,33.0
Good,62,323,1,104.0,14,7,7,100.0,-7,0,8,24,2,18.0,0,1,1,4.0,100.0,3,1,0,36.0
Bad,58,42,2,24.0,17,0,0,100.0,-7,7,8,18,2,50.0,0,7,7,90.0,74.0,5,5,1,100.0
Good,89,169,10,109.0,14,0,0,100.0,-7,7,8,15,1,27.0,21,0,0,37.0,-8.0,1,-8,0,33.0
Good,89,396,15,129.0,15,0,0,100.0,-7,7,8,15,0,13.0,-8,0,0,3.0,-8.0,2,1,0,33.0
Bad,84,97,1,47.0,36,0,0,100.0,-7,5,7,39,1,5.0,-7,1,1,3.0,-8.0,4,1,0,26.0
Bad,64,195,5,52.0,30,0,0,100.0,-7,7,8,30,5,33.0,0,4,3,75.0,-8.0,5,2,2,50.0
Good,64,280,2,129.0,9,3,2,69.0,8,1,3,13,1,15.0,4,1,1,37.0,44.0,6,1,1,70.0
Good,63,309,36,112.0,17,2,1,68.0,7,2,4,19,0,16.0,0,1,1,54.0,-8.0,5,1,2,67.0
Bad,63,158,1,34.0,9,1,1,91.0,-8,6,6,11,3,55.0,0,2,2,81.0,94.0,3,3,1,86.0
Bad,63,257,6,90.0,28,0,0,93.0,2,4,6,29,4,14.0,0,5,5,60.0,87.0,3,3,1,60.0
Bad,65,209,20,99.0,20,6,2,79.0,3,0,2,30,0,50.0,0,1,1,27.0,54.0,4,9,0,81.0
Good,66,150,10,69.0,17,1,0,90.0,9,3,5,23,2,39.0,3,1,1,33.0,81.0,2,2,0,50.0
Good,79,245,6,100.0,35,0,0,100.0,-7,7,8,37,1,43.0,4,1,1,18.0,61.0,6,4,0,71.0
Good,64,31,3,14.0,6,0,0,100.0,-7,7,8,6,2,17.0,0,2,2,68.0,-8.0,5,1,1,100.0
Good,70,259,3,47.0,21,0,0,100.0,-7,7,8,21,5,19.0,2,2,2,55.0,-8.0,1,3,1,80.0
Bad,58,470,7,146.0,5,1,1,83.0,1,0,2,6,1,0.0,0,0,0,36.0,-8.0,3,-8,-8,75.0
Good,83,83,22,80.0,7,0,0,100.0,-7,7,8,11,0,29.0,2,1,1,30.0,43.0,2,1,0,75.0
Good,84,126,7,66.0,49,0,0,100.0,-7,7,8,49,1,57.0,0,0,0,0.0,82.0,1,4,0,56.0
Good,88,433,6,138.0,21,0,0,96.0,76,6,6,23,2,74.0,0,4,4,0.0,93.0,2,2,0,57.0
Bad,75,160,4,57.0,30,0,0,100.0,-7,7,8,31,5,55.0,0,2,2,7.0,85.0,3,9,0,86.0
Bad,67,160,11,67.0,23,0,0,100.0,-7,7,8,23,1,43.0,0,0,0,76.0,88.0,5,4,3,75.0
Bad,65,157,6,44.0,13,1,0,93.0,30,6,5,14,4,36.0,4,1,1,23.0,80.0,3,2,-8,67.0
Good,62,437,10,154.0,15,1,0,67.0,4,4,5,18,1,11.0,-7,1,1,27.0,-8.0,7,1,1,69.0
Good,67,147,2,62.0,32,1,1,94.0,7,1,3,34,4,47.0,7,0,0,34.0,94.0,5,4,0,64.0
Good,81,342,16,129.0,14,1,1,94.0,50,6,2,18,0,39.0,-8,0,0,2.0,14.0,1,3,0,100.0
Good,83,202,10,98.0,22,3,1,88.0,34,6,4,25,2,24.0,1,1,1,6.0,83.0,4,2,0,50.0
Good,63,193,3,66.0,24,0,0,83.0,7,4,6,24,2,8.0,-7,0,0,70.0,100.0,5,1,2,78.0
Good,81,208,4,79.0,16,0,0,100.0,-7,7,8,16,2,31.0,7,0,0,22.0,77.0,2,3,0,63.0
Good,75,268,8,73.0,14,0,0,87.0,47,6,6,15,1,27.0,-7,1,1,15.0,20.0,4,2,1,67.0
Good,85,109,35,73.0,4,0,0,100.0,-7,7,8,5,0,0.0,-7,1,0,2.0,-8.0,1,-8,0,33.0
Good,78,167,0,72.0,46,0,0,98.0,78,6,6,49,3,41.0,0,4,4,13.0,60.0,7,8,1,75.0
Bad,54,131,10,72.0,9,1,1,67.0,1,4,3,12,2,25.0,0,3,3,91.0,-8.0,1,1,1,50.0
Bad,62,78,3,43.0,22,0,0,100.0,-7,7,8,24,3,5.0,-7,5,4,51.0,-8.0,11,-8,3,86.0
Bad,80,263,3,79.0,30,0,0,100.0,-7,7,8,30,2,43.0,1,3,3,9.0,90.0,3,2,1,38.0
Bad,74,204,14,88.0,51,0,0,100.0,-7,7,8,64,0,40.0,-7,0,0,34.0,53.0,6,9,1,75.0
Bad,56,223,9,71.0,21,0,0,90.0,0,4,6,22,2,43.0,-7,2,2,87.0,51.0,5,3,2,100.0
Bad,56,113,26,70.0,7,6,4,50.0,4,0,2,13,0,58.0,0,1,1,0.0,-8.0,0,1,-8,50.0
Good,87,302,14,151.0,20,0,0,100.0,-7,7,8,20,0,30.0,0,0,0,18.0,-8.0,3,2,0,50.0
Bad,70,226,5,74.0,22,0,0,91.0,66,6,6,22,1,32.0,-7,0,0,61.0,94.0,5,2,2,64.0
Good,84,245,5,103.0,17,0,0,100.0,-7,7,8,17,3,24.0,0,1,1,16.0,37.0,1,2,0,30.0
Good,79,192,16,88.0,19,0,0,100.0,-7,7,8,20,0,45.0,0,2,2,47.0,-8.0,1,-8,1,20.0
Good,64,147,1,56.0,19,0,0,91.0,3,4,6,23,3,36.0,1,3,3,34.0,-8.0,3,2,0,63.0
Good,82,268,2,63.0,40,0,0,100.0,-7,7,8,36,4,7.0,6,0,0,6.0,-8.0,4,-8,0,25.0
Bad,57,90,3,51.0,35,0,0,100.0,-7,7,8,35,6,40.0,-7,2,2,68.0,75.0,6,4,4,71.0
Bad,75,337,5,115.0,27,0,0,89.0,7,4,6,27,1,37.0,11,0,0,3.0,3.0,2,2,0,42.0
Bad,66,188,8,70.0,22,1,1,92.0,8,4,4,25,1,52.0,0,0,0,76.0,73.0,5,4,4,90.0
Good,63,41,15,103.0,17,0,0,88.0,4,4,6,10,0,29.0,-7,1,1,36.0,-8.0,2,1,2,43.0
Bad,70,319,18,160.0,6,1,0,86.0,7,3,5,7,0,71.0,7,0,0,16.0,-8.0,1,1,0,100.0
Good,71,-8,1,91.0,15,0,0,94.0,-8,6,6,0,4,44.0,9,0,0,60.0,80.0,4,4,3,80.0
Good,87,390,4,117.0,25,0,0,100.0,-7,7,8,26,2,42.0,0,4,4,3.0,-8.0,3,1,0,44.0
Bad,66,194,4,78.0,3,2,2,75.0,55,6,3,4,1,0.0,0,0,0,76.0,-8.0,4,-8,0,100.0
Bad,71,237,9,45.0,24,0,0,100.0,-7,7,8,50,3,25.0,-7,3,3,32.0,73.0,5,4,1,53.0
Bad,62,80,2,47.0,24,0,0,96.0,59,6,6,25,1,48.0,0,0,0,73.0,113.0,5,5,2,91.0
Good,58,170,11,80.0,14,4,0,72.0,6,3,5,21,2,44.0,-7,0,0,65.0,68.0,3,4,0,100.0
Good,86,249,13,108.0,21,0,0,100.0,-7,7,8,21,0,29.0,13,0,0,4.0,28.0,5,1,0,55.0
Good,72,244,16,138.0,10,4,4,60.0,38,6,3,2,0,33.0,-8,0,0,19.0,-8.0,3,-8,0,60.0
Bad,65,116,10,37.0,14,1,1,93.0,72,6,2,15,1,13.0,0,2,2,52.0,-8.0,3,1,2,56.0
Good,86,153,7,88.0,15,0,0,100.0,-7,7,8,15,1,27.0,-7,0,0,5.0,-8.0,2,1,0,43.0
Good,61,181,20,65.0,21,0,0,95.0,16,6,6,21,0,29.0,-7,2,2,86.0,85.0,4,2,3,54.0
Good,70,340,3,60.0,28,0,0,96.0,81,6,6,34,4,25.0,1,1,1,39.0,61.0,6,3,2,50.0
Good,69,175,6,56.0,17,2,1,90.0,11,4,5,20,3,55.0,1,1,1,16.0,92.0,3,8,0,73.0
Good,76,78,3,70.0,23,0,0,100.0,-7,7,8,2,5,8.0,0,2,2,76.0,-8.0,5,-8,2,56.0
Good,75,231,7,83.0,28,2,2,97.0,78,6,6,30,2,77.0,1,1,1,10.0,73.0,2,3,0,63.0
Good,75,129,18,64.0,28,0,0,100.0,-7,7,8,28,0,25.0,0,0,0,59.0,-8.0,2,5,1,58.0
Good,80,215,2,121.0,40,0,0,98.0,47,6,6,26,6,11.0,2,3,3,1.0,81.0,5,4,0,35.0
Good,68,132,2,52.0,23,3,3,88.0,64,6,6,24,6,54.0,-7,1,1,24.0,39.0,4,3,0,70.0
Bad,72,140,25,52.0,22,0,0,100.0,-7,7,8,22,0,27.0,9,0,0,90.0,6.0,7,2,5,82.0
Bad,63,349,4,111.0,34,0,0,97.0,16,6,6,35,1,6.0,19,0,0,83.0,-8.0,18,1,12,91.0
Good,75,364,12,123.0,43,0,0,98.0,24,6,6,43,0,26.0,2,1,1,1.0,31.0,7,2,1,45.0
Bad,58,91,4,41.0,31,0,0,100.0,-7,7,8,32,5,56.0,0,1,1,71.0,90.0,13,4,4,100.0
Good,84,174,3,92.0,17,0,0,100.0,-7,7,8,18,1,53.0,0,11,10,6.0,-8.0,2,4,0,86.0
Good,83,-8,2,114.0,21,0,0,100.0,-7,7,8,0,2,36.0,-7,1,1,27.0,91.0,4,2,0,100.0
Good,81,253,13,114.0,15,0,0,87.0,9,4,6,15,0,0.0,0,1,1,8.0,-8.0,1,-8,0,17.0
Good,90,-8,1,119.0,19,0,0,95.0,-7,5,7,0,1,19.0,-8,0,0,7.0,24.0,3,2,0,56.0
Bad,56,44,2,24.0,12,3,2,88.0,11,4,3,17,4,29.0,0,11,11,9.0,96.0,1,3,1,33.0
Bad,61,189,5,101.0,18,0,0,83.0,6,4,6,18,1,39.0,0,4,4,60.0,-8.0,4,1,1,71.0
Good,80,138,1,52.0,11,0,0,100.0,-7,7,8,12,2,25.0,0,2,2,32.0,87.0,1,2,-8,75.0
Bad,72,113,10,77.0,21,5,5,73.0,36,6,2,26,1,15.0,0,2,2,4.0,-8.0,2,1,0,60.0
Bad,59,170,2,69.0,40,1,0,87.0,4,3,5,46,5,41.0,0,0,0,38.0,54.0,11,5,3,77.0
Good,75,195,10,84.0,19,0,0,100.0,-7,7,8,19,1,16.0,7,0,0,33.0,-8.0,3,-8,1,75.0
Bad,77,123,2,46.0,16,0,0,100.0,-7,7,8,17,5,47.0,-7,2,2,18.0,87.0,3,4,-8,64.0
Bad,74,-8,17,70.0,34,0,0,97.0,31,6,6,0,0,47.0,3,1,1,14.0,26.0,5,5,1,71.0
Bad,73,118,6,41.0,26,2,1,96.0,77,6,5,27,5,56.0,5,0,0,40.0,47.0,4,3,1,88.0
Good,63,232,2,103.0,14,2,2,88.0,21,6,4,17,1,6.0,1,4,4,11.0,-8.0,1,-8,0,17.0
Bad,56,125,4,47.0,10,0,0,83.0,3,4,6,12,1,17.0,0,1,1,85.0,-8.0,4,1,4,71.0
Good,67,152,3,37.0,23,1,1,96.0,64,6,2,24,3,25.0,-7,1,1,40.0,49.0,11,3,1,78.0
Bad,57,321,4,105.0,37,0,0,84.0,0,4,6,38,2,50.0,0,0,0,76.0,79.0,13,4,4,90.0
Good,88,330,2,93.0,18,0,0,100.0,-7,7,8,19,1,32.0,0,1,1,3.0,99.0,6,1,0,64.0
Bad,65,156,7,42.0,11,2,2,100.0,-7,6,8,11,2,55.0,0,1,1,59.0,29.0,5,2,3,100.0
Good,84,172,3,72.0,39,0,0,100.0,-7,7,8,42,2,43.0,18,0,0,1.0,98.0,3,3,0,55.0
Bad,71,154,1,62.0,7,0,0,90.0,1,4,6,27,2,40.0,-7,3,2,14.0,-8.0,3,1,0,80.0
Bad,60,181,8,60.0,32,1,1,97.0,21,6,6,32,1,16.0,0,1,1,75.0,79.0,11,2,9,87.0
Good,88,397,13,122.0,26,0,0,100.0,-7,7,8,26,0,0.0,0,0,0,9.0,-8.0,4,-8,0,20.0
Good,76,128,3,47.0,32,0,0,100.0,-7,7,8,32,3,22.0,0,3,3,16.0,42.0,7,2,1,64.0
Bad,61,316,1,87.0,38,0,0,93.0,2,4,6,40,3,58.0,0,2,2,78.0,71.0,5,6,4,73.0
Good,86,279,9,115.0,16,0,0,94.0,59,6,6,16,1,13.0,0,3,3,5.0,-8.0,1,-8,0,20.0
Bad,60,383,1,57.0,26,0,0,96.0,62,6,6,29,6,25.0,1,2,2,48.0,99.0,8,2,3,91.0
Bad,73,134,1,33.0,3,1,1,86.0,29,6,3,7,3,29.0,0,2,2,5.0,-8.0,2,1,1,75.0
Good,71,207,6,187.0,22,0,0,100.0,-7,7,8,3,1,23.0,0,2,2,79.0,95.0,10,1,7,100.0
Bad,74,183,5,77.0,11,1,1,92.0,70,6,3,12,2,17.0,-7,1,1,58.0,26.0,6,1,0,78.0
Good,81,133,15,63.0,20,0,0,100.0,-7,7,8,20,0,35.0,11,0,0,5.0,-8.0,1,1,0,25.0
Good,87,65,17,71.0,10,0,0,100.0,-7,7,8,8,0,40.0,-7,0,0,12.0,-8.0,4,1,0,83.0
Bad,55,159,5,76.0,14,3,1,63.0,0,0,2,19,2,47.0,0,0,0,45.0,46.0,2,4,0,100.0
Bad,66,100,5,56.0,13,2,0,71.0,39,6,5,17,2,41.0,0,4,1,39.0,82.0,2,2,1,57.0
Bad,66,375,16,183.0,21,1,0,83.0,4,3,5,23,0,52.0,0,3,3,24.0,-8.0,3,2,0,100.0
Bad,57,19,2,18.0,18,0,0,100.0,-7,7,8,3,13,13.0,-7,9,9,30.0,48.0,15,3,3,86.0
Bad,64,164,7,70.0,16,2,1,89.0,69,6,4,18,1,11.0,0,4,4,89.0,-8.0,9,1,4,91.0
Bad,67,-8,2,17.0,11,0,0,100.0,-7,7,8,0,6,8.0,-7,2,2,65.0,-8.0,6,1,1,70.0
Good,69,207,1,79.0,21,2,2,100.0,-7,6,8,22,3,73.0,1,1,1,30.0,69.0,1,3,1,57.0
Good,85,140,11,75.0,16,0,0,100.0,-7,7,8,16,1,31.0,0,0,0,13.0,20.0,2,2,0,67.0
Bad,83,104,15,54.0,22,0,0,100.0,-7,7,8,22,0,45.0,0,0,0,57.0,52.0,2,3,0,56.0
Good,85,192,2,86.0,25,0,0,100.0,-7,7,8,29,2,41.0,-7,1,1,28.0,68.0,2,3,0,63.0
Good,88,360,3,115.0,26,0,0,100.0,-7,7,8,28,1,39.0,1,2,2,4.0,-8.0,4,1,0,45.0
Good,84,424,32,145.0,15,0,0,93.0,19,6,6,15,0,47.0,-8,0,0,1.0,14.0,2,2,0,57.0
Bad,76,10,2,7.0,2,0,0,100.0,-7,7,8,3,3,67.0,0,1,1,0.0,-8.0,0,1,-8,50.0
Bad,68,189,12,49.0,6,4,4,100.0,-7,6,8,6,0,50.0,0,1,1,62.0,90.0,1,2,-8,75.0
Bad,61,194,3,84.0,36,0,0,97.0,68,6,6,39,2,31.0,0,1,1,77.0,100.0,7,2,4,75.0
Good,61,308,3,67.0,58,1,1,98.0,10,0,2,71,8,21.0,4,1,1,53.0,41.0,3,3,0,64.0
Good,79,170,31,86.0,4,0,0,100.0,-7,7,8,4,0,25.0,-8,0,0,71.0,-8.0,3,1,1,100.0
Good,85,273,4,109.0,29,0,0,100.0,-7,7,8,29,2,17.0,0,0,0,1.0,-8.0,4,1,0,43.0
Bad,80,157,5,133.0,27,0,0,78.0,-8,6,6,22,1,48.0,-7,0,0,6.0,64.0,6,3,0,82.0
Good,65,202,20,82.0,29,0,0,97.0,1,4,6,30,0,43.0,9,0,0,33.0,9.0,4,4,0,73.0
Bad,81,287,4,105.0,23,0,0,100.0,-7,7,8,25,2,40.0,0,2,2,52.0,88.0,3,4,1,70.0
Good,74,189,1,59.0,42,0,0,100.0,-7,7,8,44,5,23.0,0,1,1,3.0,61.0,3,2,1,36.0
Good,83,187,2,75.0,30,0,0,100.0,-7,7,8,32,1,45.0,2,1,1,5.0,84.0,1,5,0,55.0
Bad,57,303,2,37.0,30,0,0,94.0,19,6,6,37,3,48.0,0,7,7,39.0,74.0,10,8,1,78.0
Good,68,373,2,105.0,33,0,0,91.0,4,4,6,34,2,50.0,21,0,0,36.0,70.0,3,3,1,55.0
Good,88,166,17,84.0,12,0,0,100.0,-7,7,8,12,0,17.0,13,0,0,0.0,-8.0,0,1,0,25.0
Bad,63,88,3,44.0,23,1,1,100.0,-7,6,8,23,2,57.0,1,3,3,99.0,83.0,5,5,3,91.0
Bad,72,61,11,36.0,13,0,0,100.0,-7,7,8,13,1,54.0,2,1,1,13.0,31.0,1,4,0,60.0
Bad,65,502,1,71.0,78,1,1,99.0,15,6,6,100,19,15.0,0,6,6,10.0,90.0,10,3,1,38.0
Good,78,176,2,64.0,27,1,0,93.0,15,6,5,29,2,24.0,0,3,3,12.0,94.0,4,2,0,40.0
Good,78,343,6,83.0,43,0,0,98.0,67,6,6,43,1,23.0,5,0,0,14.0,80.0,7,3,0,50.0
Good,64,320,2,96.0,40,0,0,93.0,24,6,6,42,2,37.0,0,7,7,35.0,77.0,14,2,1,80.0
Good,91,290,7,108.0,21,0,0,100.0,-7,7,8,43,1,14.0,-8,0,0,3.0,-8.0,3,1,0,50.0
Good,72,367,6,86.0,43,0,0,100.0,-7,7,8,64,3,14.0,8,0,0,19.0,69.0,9,3,2,50.0
Bad,70,172,4,73.0,12,0,0,75.0,43,6,6,12,1,33.0,-7,0,0,55.0,-8.0,4,1,1,83.0
Bad,57,156,4,71.0,13,3,2,75.0,6,0,2,16,1,56.0,-7,1,1,95.0,49.0,2,2,1,100.0
Bad,60,155,15,53.0,16,1,1,81.0,5,4,6,16,0,44.0,5,0,0,79.0,-8.0,5,1,2,86.0
Bad,73,214,16,97.0,27,0,0,96.0,46,6,6,17,0,18.0,0,4,4,35.0,77.0,6,2,1,60.0
Good,79,243,17,77.0,35,0,0,97.0,67,6,6,39,0,36.0,0,2,2,20.0,-8.0,4,1,0,56.0
Good,88,19,24,162.0,17,0,0,100.0,-7,7,8,5,0,18.0,-8,1,1,17.0,-8.0,4,1,0,45.0
Bad,59,442,0,115.0,21,2,2,68.0,3,0,2,26,2,27.0,0,1,1,33.0,70.0,5,3,1,63.0
Good,75,394,2,75.0,47,0,0,98.0,29,6,6,55,5,24.0,0,5,5,13.0,49.0,8,3,2,42.0
Bad,58,222,8,93.0,17,6,2,69.0,18,5,5,26,4,65.0,0,3,3,71.0,39.0,2,4,1,75.0
Good,91,290,6,111.0,12,0,0,100.0,-7,7,8,12,1,17.0,-7,1,1,0.0,-8.0,1,-8,0,13.0
Good,75,138,2,67.0,12,0,0,100.0,-7,7,8,13,2,31.0,0,2,2,33.0,62.0,3,3,0,75.0
Bad,56,127,10,46.0,13,0,0,92.0,4,4,6,13,1,54.0,0,1,1,88.0,75.0,5,3,2,89.0
Bad,62,77,9,43.0,9,2,1,64.0,14,6,2,11,1,64.0,0,0,0,-8.0,84.0,-8,4,-8,100.0
Bad,85,209,5,85.0,21,0,0,100.0,-7,7,8,21,1,57.0,-8,0,0,12.0,45.0,7,2,0,90.0
Bad,80,191,5,76.0,27,0,0,93.0,15,6,6,28,1,39.0,-7,2,2,3.0,36.0,3,2,0,67.0
Good,81,245,6,82.0,40,0,0,100.0,-7,7,8,40,2,40.0,5,0,0,11.0,89.0,5,3,0,73.0
Good,71,235,4,71.0,32,1,1,94.0,83,5,2,33,6,27.0,0,0,0,49.0,92.0,9,3,1,80.0
Good,90,176,30,103.0,10,0,0,100.0,-7,7,8,10,0,10.0,-8,0,0,6.0,-8.0,2,1,0,60.0
Good,62,240,5,104.0,24,0,0,92.0,3,4,6,24,2,33.0,0,0,0,61.0,68.0,6,2,3,69.0
Good,88,184,8,85.0,22,0,0,100.0,-7,6,7,22,1,41.0,4,1,1,10.0,92.0,1,2,0,60.0
Bad,66,204,6,89.0,20,0,0,100.0,-7,7,8,20,1,40.0,0,1,1,90.0,100.0,2,2,1,100.0
Bad,66,337,7,112.0,38,0,0,98.0,8,4,6,40,1,28.0,0,1,1,46.0,81.0,8,4,3,71.0
Bad,82,153,9,54.0,18,0,0,100.0,-7,7,8,18,1,44.0,14,0,0,9.0,-8.0,2,1,0,38.0
Good,71,310,1,123.0,21,0,0,96.0,71,6,6,23,3,26.0,0,3,3,73.0,70.0,5,2,1,58.0
Good,81,137,1,56.0,22,1,0,92.0,36,6,5,24,3,21.0,7,0,0,3.0,-8.0,3,1,0,50.0
Good,71,211,2,74.0,28,0,0,93.0,4,4,6,30,4,20.0,3,2,2,12.0,82.0,7,2,0,60.0
Bad,71,86,3,31.0,22,0,0,100.0,-7,7,8,22,8,45.0,0,3,2,64.0,91.0,3,6,1,75.0
Bad,60,63,7,31.0,5,1,1,83.0,25,6,2,6,1,33.0,0,2,2,91.0,83.0,2,2,1,100.0
Good,85,167,2,58.0,11,0,0,100.0,-7,7,8,12,2,42.0,-7,2,2,15.0,-8.0,2,1,0,75.0
Good,75,191,5,97.0,28,0,0,97.0,1,6,6,30,1,28.0,5,1,1,3.0,37.0,5,3,0,47.0
Good,65,29,9,18.0,10,0,0,100.0,-7,7,8,10,3,40.0,0,5,5,38.0,68.0,5,3,0,89.0
Bad,64,-8,1,47.0,23,3,3,100.0,-7,0,8,26,3,15.0,-7,2,2,49.0,83.0,9,2,1,61.0
Bad,50,54,4,19.0,16,0,0,94.0,4,4,6,17,7,29.0,0,0,0,89.0,42.0,4,2,3,75.0
Bad,69,147,3,65.0,38,0,0,100.0,-7,7,8,41,4,44.0,1,4,4,51.0,73.0,3,3,1,46.0
Good,62,101,1,39.0,12,0,0,92.0,41,6,6,13,3,0.0,0,3,3,59.0,-8.0,6,-8,2,86.0
Good,83,375,18,143.0,13,0,0,92.0,35,6,6,13,0,15.0,-8,0,0,6.0,-8.0,1,-8,0,33.0
Bad,61,59,4,17.0,9,0,0,100.0,-7,7,8,9,4,22.0,0,8,8,89.0,90.0,3,2,2,100.0
Bad,57,47,3,31.0,9,1,1,80.0,13,6,6,11,1,40.0,0,0,0,72.0,100.0,3,2,1,83.0
Bad,84,149,6,72.0,26,0,0,100.0,-7,7,8,27,1,44.0,-8,0,0,0.0,57.0,1,3,0,80.0
Bad,66,288,10,77.0,27,0,0,96.0,26,6,6,44,1,44.0,12,0,0,72.0,86.0,7,2,3,100.0
Bad,64,157,2,38.0,6,4,4,88.0,33,6,2,8,2,50.0,-7,1,1,34.0,95.0,3,2,0,83.0
Bad,54,266,5,99.0,54,0,0,96.0,11,4,6,56,2,43.0,2,3,3,58.0,67.0,12,6,3,69.0
Bad,68,122,13,63.0,20,0,0,91.0,2,4,6,23,0,65.0,0,1,1,0.0,49.0,0,6,-8,86.0
Good,58,122,4,55.0,38,1,1,98.0,2,1,3,41,5,44.0,0,3,3,4.0,94.0,3,3,0,46.0
Good,77,218,8,72.0,25,0,0,96.0,74,6,6,25,3,52.0,2,1,1,32.0,69.0,3,4,0,64.0
Bad,81,185,13,70.0,8,0,0,100.0,-7,7,8,9,0,50.0,0,1,0,40.0,61.0,2,2,1,67.0
Good,73,85,6,40.0,17,1,0,94.0,11,3,5,18,2,28.0,10,0,0,10.0,-8.0,3,2,0,36.0
Good,81,162,13,66.0,17,0,0,100.0,-7,7,8,17,0,12.0,0,1,1,3.0,-8.0,2,1,0,43.0
Good,82,154,1,82.0,35,0,0,100.0,-7,7,8,36,5,42.0,0,1,1,12.0,100.0,2,2,0,44.0
Good,75,126,9,64.0,7,0,0,100.0,-7,7,8,7,1,57.0,0,0,0,101.0,59.0,2,3,2,100.0
Bad,40,166,3,100.0,12,11,7,48.0,1,0,2,23,1,17.0,3,5,5,72.0,-8.0,11,1,3,87.0
Good,58,199,37,83.0,23,0,0,78.0,6,4,6,23,0,17.0,0,0,0,98.0,2.0,12,2,8,93.0
Good,78,114,2,32.0,8,0,0,100.0,-7,7,8,9,3,67.0,1,2,2,39.0,69.0,1,1,0,67.0
Good,74,188,8,90.0,25,1,0,96.0,73,6,5,27,2,46.0,0,0,0,29.0,49.0,6,3,1,64.0
Good,84,245,10,113.0,16,0,0,94.0,17,6,6,17,1,12.0,-7,0,0,6.0,-8.0,2,-8,0,40.0
Good,62,236,18,88.0,26,0,0,88.0,10,4,6,45,0,23.0,2,3,3,49.0,57.0,10,2,2,75.0
Good,59,200,9,79.0,25,1,1,92.0,4,2,4,31,1,38.0,-7,1,1,78.0,74.0,3,3,2,86.0
Bad,68,125,9,95.0,14,3,3,94.0,58,0,2,16,1,50.0,7,0,0,14.0,97.0,2,2,0,57.0
Bad,68,126,3,63.0,29,0,0,97.0,36,6,6,29,3,17.0,3,2,2,79.0,-8.0,4,1,3,83.0
Bad,64,286,1,97.0,27,0,0,93.0,6,4,6,55,3,45.0,0,6,6,33.0,57.0,2,3,1,56.0
Bad,56,239,3,98.0,12,0,0,75.0,1,4,6,12,1,25.0,0,3,3,69.0,82.0,7,3,2,100.0
Bad,57,121,7,65.0,18,0,0,73.0,0,4,6,22,1,14.0,-7,0,0,56.0,48.0,9,2,3,92.0
Good,69,82,4,35.0,11,1,1,92.0,77,6,4,12,3,25.0,3,6,6,45.0,62.0,5,2,1,70.0
Good,72,202,4,110.0,18,1,1,100.0,-7,7,8,22,2,32.0,-7,0,0,16.0,92.0,2,2,0,80.0
Bad,65,148,1,64.0,42,1,0,82.0,11,4,5,45,4,60.0,1,4,4,13.0,65.0,3,8,2,75.0
Good,70,136,21,89.0,23,0,0,96.0,58,6,6,24,0,25.0,0,0,0,72.0,49.0,5,3,2,62.0
Good,80,88,8,48.0,16,0,0,100.0,-7,7,8,16,2,25.0,-7,0,0,3.0,-8.0,2,1,0,38.0
Bad,59,136,6,42.0,18,0,0,89.0,17,6,6,18,4,28.0,0,1,1,44.0,99.0,5,2,3,50.0
Good,71,245,6,62.0,33,1,0,97.0,10,3,5,34,1,24.0,-7,0,0,19.0,56.0,7,3,0,50.0
Bad,66,101,5,73.0,31,0,0,100.0,-7,7,8,20,1,10.0,-7,4,3,72.0,-8.0,15,1,10,75.0
Bad,60,130,1,48.0,11,5,5,92.0,38,0,6,12,1,25.0,0,2,2,74.0,83.0,4,1,1,100.0
Bad,65,256,3,96.0,42,0,0,91.0,26,6,6,46,3,30.0,3,1,1,56.0,88.0,11,3,2,67.0
Good,70,133,5,63.0,21,2,1,91.0,9,4,5,23,3,18.0,-7,0,0,16.0,-8.0,2,1,0,30.0
Bad,66,339,5,135.0,9,2,0,53.0,8,4,5,15,3,40.0,0,1,1,70.0,-8.0,2,2,0,83.0
Bad,76,138,15,70.0,16,0,0,100.0,-7,7,8,17,0,29.0,0,1,1,49.0,72.0,3,2,2,71.0
Good,81,160,14,76.0,13,0,0,92.0,26,6,6,13,0,46.0,4,1,1,16.0,64.0,2,3,0,71.0
Bad,85,-8,5,79.0,5,0,0,100.0,-7,7,8,0,1,40.0,1,2,2,19.0,-8.0,3,-8,1,100.0
Good,88,270,34,118.0,25,0,0,100.0,-7,7,8,29,0,52.0,0,1,1,0.0,51.0,0,4,-8,57.0
Good,71,114,11,80.0,12,0,0,92.0,-8,6,6,12,1,33.0,0,0,0,42.0,84.0,3,2,1,71.0
Bad,66,200,4,9.0,2,0,0,100.0,-7,7,8,15,1,50.0,0,2,2,97.0,-8.0,1,1,1,100.0
Bad,73,192,13,77.0,24,0,0,96.0,11,4,6,26,0,58.0,1,4,4,35.0,-8.0,2,2,0,80.0
Good,70,227,16,96.0,14,0,0,93.0,-8,6,6,15,0,40.0,0,1,1,103.0,-8.0,2,1,1,100.0
Bad,61,391,2,137.0,16,0,0,71.0,8,4,6,17,1,35.0,0,0,0,62.0,23.0,5,2,3,78.0
Bad,62,181,12,80.0,26,0,0,88.0,6,4,6,26,0,15.0,0,1,1,67.0,-8.0,4,1,2,67.0
Good,86,199,8,94.0,32,0,0,100.0,-7,7,8,32,1,31.0,19,0,0,18.0,39.0,3,2,0,42.0
Good,91,140,24,81.0,5,0,0,100.0,-7,7,8,5,0,40.0,-8,0,0,2.0,-8.0,1,1,0,50.0
Good,82,186,4,62.0,23,0,0,100.0,-7,7,8,23,3,30.0,3,3,3,24.0,41.0,6,2,0,67.0
Good,78,265,21,143.0,37,0,0,100.0,-7,7,8,38,0,21.0,2,3,3,47.0,-8.0,10,1,1,63.0
Good,75,385,5,80.0,52,1,0,98.0,23,6,5,56,2,41.0,5,1,1,15.0,67.0,9,3,0,54.0
Bad,86,296,7,112.0,20,0,0,100.0,-7,7,8,22,1,41.0,0,0,0,17.0,96.0,2,1,0,33.0
Good,70,166,1,70.0,45,0,0,98.0,-7,5,7,50,3,46.0,-7,0,0,69.0,93.0,7,4,5,85.0
Good,90,245,2,98.0,7,0,0,100.0,-7,7,8,8,1,63.0,21,0,0,11.0,79.0,2,2,0,80.0
Bad,59,90,11,50.0,27,0,0,96.0,76,6,6,27,1,15.0,1,2,2,68.0,83.0,11,1,2,86.0
Good,68,179,6,66.0,32,0,0,97.0,20,6,6,32,3,19.0,-7,0,0,47.0,73.0,4,3,1,50.0
Good,87,492,10,127.0,14,0,0,100.0,-7,7,8,15,1,21.0,14,0,0,9.0,-8.0,5,1,0,60.0
Bad,69,307,15,80.0,16,0,0,100.0,-7,7,8,9,0,25.0,14,0,0,60.0,0.0,8,2,5,83.0
Bad,79,13,4,8.0,3,0,0,100.0,-7,7,8,3,2,33.0,-7,3,3,2.0,-8.0,1,1,0,67.0
Good,83,-8,5,53.0,25,0,0,100.0,-7,7,8,26,2,4.0,-7,1,1,18.0,-8.0,5,1,0,55.0
Bad,59,207,4,64.0,27,0,0,90.0,19,6,6,32,2,47.0,-7,0,0,101.0,82.0,3,3,2,100.0
Good,78,92,7,35.0,13,0,0,100.0,-7,7,8,13,1,8.0,7,0,0,19.0,-8.0,5,1,0,55.0
Good,56,182,7,105.0,16,4,4,65.0,4,0,2,20,3,25.0,0,1,1,43.0,-8.0,3,-8,1,38.0
Bad,59,255,1,87.0,16,0,0,76.0,1,4,6,17,1,41.0,-7,3,3,80.0,43.0,4,3,3,100.0
Good,77,431,1,127.0,21,1,1,96.0,23,6,2,58,2,39.0,6,0,0,10.0,95.0,1,3,0,33.0
Bad,78,175,5,93.0,27,0,0,100.0,-7,7,8,28,2,7.0,0,2,2,19.0,-8.0,6,1,1,41.0
Bad,68,374,4,72.0,21,0,0,95.0,2,4,6,22,5,36.0,0,0,0,45.0,79.0,5,2,1,70.0
Bad,73,216,1,72.0,41,0,0,100.0,-7,7,8,42,4,24.0,0,10,10,25.0,88.0,3,4,0,50.0
Bad,70,258,3,43.0,27,1,1,100.0,-7,6,8,41,8,15.0,0,6,6,5.0,58.0,12,2,0,67.0
Good,79,161,16,92.0,18,0,0,100.0,-7,7,8,20,0,40.0,-7,0,0,65.0,71.0,3,2,2,83.0
Good,69,225,12,103.0,20,0,0,85.0,10,4,6,20,0,25.0,0,0,0,28.0,47.0,7,2,0,90.0
Bad,77,278,0,73.0,15,0,0,94.0,38,6,6,16,2,31.0,0,0,0,22.0,-8.0,6,1,2,64.0
Good,75,142,6,70.0,16,0,0,100.0,-7,7,8,18,4,56.0,0,1,1,67.0,101.0,2,2,1,100.0
Bad,60,100,6,57.0,36,0,0,92.0,1,4,6,36,2,61.0,0,1,1,50.0,75.0,6,3,1,90.0
Good,88,368,10,155.0,16,0,0,100.0,-7,7,8,17,1,18.0,2,1,1,7.0,-8.0,4,1,0,71.0
Bad,59,225,2,73.0,52,0,0,98.0,8,4,6,54,6,54.0,0,6,6,45.0,28.0,7,3,2,83.0
Good,80,208,12,76.0,30,1,0,97.0,23,6,5,31,0,13.0,0,0,0,1.0,71.0,5,2,0,35.0
Bad,83,182,18,89.0,8,0,0,100.0,-7,7,8,8,0,13.0,0,4,4,28.0,-8.0,1,-8,0,20.0
Bad,68,126,4,60.0,13,2,2,87.0,32,6,2,15,2,73.0,-7,8,8,56.0,85.0,1,5,0,100.0
Good,83,154,4,57.0,13,0,0,93.0,-8,6,6,14,1,43.0,0,0,0,4.0,80.0,1,4,1,45.0
Good,64,233,6,89.0,39,0,0,100.0,-7,7,8,39,1,33.0,0,1,1,63.0,82.0,7,7,3,78.0
Bad,71,94,4,54.0,13,1,0,56.0,26,6,5,18,2,39.0,-7,1,1,0.0,95.0,0,2,0,33.0
Good,85,177,2,84.0,30,0,0,100.0,-7,7,8,35,1,33.0,-7,2,2,12.0,74.0,2,5,0,47.0
Bad,78,50,15,32.0,5,0,0,100.0,-7,7,8,5,0,60.0,0,4,2,11.0,51.0,1,2,0,75.0
Good,85,293,20,94.0,36,0,0,100.0,-7,7,8,37,0,38.0,-8,0,0,1.0,63.0,2,3,0,56.0
Good,69,338,2,62.0,22,0,0,96.0,12,6,6,23,3,35.0,0,4,4,25.0,100.0,3,2,1,45.0
Bad,65,388,4,51.0,11,1,1,100.0,-7,7,8,13,8,42.0,0,0,0,80.0,95.0,6,1,2,100.0
Bad,56,91,16,54.0,4,6,2,27.0,12,6,3,11,0,55.0,0,8,8,104.0,86.0,2,1,1,100.0
Good,73,261,4,66.0,31,0,0,100.0,-7,7,8,31,8,16.0,0,3,3,18.0,-8.0,7,2,1,53.0
Bad,66,87,13,38.0,14,1,1,93.0,29,6,6,16,0,67.0,0,0,0,48.0,75.0,2,3,1,83.0
Good,78,167,8,84.0,29,0,0,100.0,-7,7,8,43,3,30.0,0,1,1,24.0,84.0,6,4,0,71.0
Bad,70,21,7,14.0,4,0,0,100.0,-7,7,8,4,2,75.0,0,6,6,-8.0,89.0,-8,2,-8,100.0
Good,66,92,3,63.0,30,1,0,94.0,4,3,5,10,4,32.0,2,4,4,4.0,73.0,4,2,0,43.0
Bad,76,129,11,52.0,10,0,0,100.0,-7,7,8,10,1,60.0,0,1,1,6.0,95.0,2,3,-8,83.0
Good,83,197,3,62.0,18,0,0,100.0,-7,6,7,32,3,39.0,3,2,2,22.0,50.0,5,3,0,90.0
Bad,70,341,26,107.0,17,3,3,75.0,6,0,2,20,0,10.0,0,2,1,9.0,-8.0,3,1,0,40.0
Bad,58,231,13,73.0,20,2,2,90.0,4,4,6,23,0,24.0,0,2,2,54.0,39.0,2,4,1,60.0
Bad,69,242,8,100.0,30,0,0,88.0,46,6,6,32,1,50.0,0,3,3,47.0,56.0,4,4,2,100.0
Bad,79,382,4,63.0,63,0,0,100.0,-7,7,8,64,3,8.0,6,0,0,10.0,10.0,2,2,1,15.0
Good,76,164,7,72.0,29,0,0,86.0,45,6,6,29,2,14.0,0,0,0,3.0,14.0,4,1,1,36.0
Bad,56,56,1,27.0,16,0,0,100.0,-7,7,8,17,4,12.0,-7,0,0,74.0,36.0,9,2,5,80.0
Good,86,152,2,71.0,19,0,0,100.0,-7,7,8,20,1,50.0,0,4,4,2.0,-8.0,1,1,0,29.0
Bad,63,169,6,72.0,46,1,1,93.0,73,0,6,46,6,30.0,-7,0,0,24.0,72.0,5,5,1,50.0
Bad,73,376,7,166.0,17,2,2,89.0,30,6,4,19,1,32.0,0,0,0,82.0,-8.0,8,1,2,100.0
Good,75,274,3,44.0,22,0,0,95.0,26,6,6,22,5,32.0,0,5,4,1.0,-8.0,2,3,0,45.0
Good,84,223,5,84.0,28,0,0,100.0,-7,7,8,28,1,43.0,15,0,0,5.0,75.0,4,4,0,73.0
Good,65,287,16,82.0,31,4,2,85.0,45,6,5,34,0,62.0,3,1,1,84.0,72.0,2,5,2,89.0
Bad,67,282,11,108.0,37,0,0,95.0,3,4,6,40,1,43.0,0,1,1,68.0,58.0,5,3,2,80.0
Bad,67,110,7,46.0,33,1,1,97.0,9,4,4,38,1,26.0,-7,1,1,41.0,23.0,9,2,2,87.0
Bad,75,212,23,105.0,11,0,0,82.0,21,6,6,11,0,45.0,-7,1,1,13.0,-8.0,1,1,0,100.0
Good,68,196,2,68.0,11,1,1,92.0,3,1,3,13,4,54.0,2,2,2,9.0,95.0,1,2,0,75.0
Bad,57,323,5,92.0,13,2,1,67.0,4,4,3,15,1,27.0,-7,2,2,61.0,61.0,2,3,1,63.0
Bad,55,108,6,42.0,18,1,1,83.0,1,4,6,18,1,50.0,0,9,9,83.0,62.0,7,2,4,90.0
Good,89,219,2,75.0,11,0,0,100.0,-7,7,8,12,1,17.0,0,0,0,4.0,-8.0,3,1,0,57.0
Good,82,340,1,87.0,45,0,0,100.0,-7,5,8,49,6,27.0,0,10,10,3.0,82.0,6,5,0,44.0
Bad,55,152,66,113.0,13,7,6,65.0,4,0,2,23,0,22.0,0,1,1,56.0,-8.0,2,1,2,57.0
Bad,81,101,20,41.0,12,0,0,100.0,-7,7,8,12,0,42.0,0,2,2,6.0,-8.0,1,4,0,83.0
Bad,79,330,9,93.0,29,0,0,100.0,-7,7,8,21,2,41.0,0,3,3,26.0,75.0,7,2,1,69.0
Bad,68,260,7,72.0,21,1,1,96.0,3,1,3,23,1,39.0,1,1,1,9.0,80.0,5,2,0,70.0
Bad,83,149,13,80.0,13,0,0,100.0,-7,7,8,13,0,46.0,8,0,0,26.0,82.0,3,1,0,80.0
Bad,61,457,7,97.0,27,1,0,89.0,6,4,5,28,1,21.0,0,2,2,55.0,77.0,12,2,5,78.0
Bad,83,96,4,198.0,15,1,0,94.0,52,6,5,16,4,13.0,-7,1,1,5.0,-8.0,4,-8,0,50.0
Good,89,425,19,186.0,16,0,0,100.0,-7,7,8,16,0,19.0,0,0,0,0.0,-8.0,2,-8,0,50.0
Bad,83,108,17,69.0,8,0,0,100.0,-7,7,8,8,0,63.0,4,1,1,21.0,72.0,1,1,0,67.0
Bad,59,243,11,79.0,38,1,1,76.0,7,4,6,43,1,50.0,0,1,1,63.0,78.0,7,4,4,86.0
Bad,67,-8,4,20.0,17,1,1,100.0,-7,6,8,18,8,17.0,-7,1,1,10.0,89.0,2,2,1,29.0
Bad,56,58,33,46.0,2,0,0,50.0,2,4,6,2,0,100.0,0,6,6,-8.0,-8.0,-8,1,-8,100.0
Bad,56,419,4,61.0,31,1,0,76.0,1,4,5,33,6,30.0,0,0,0,44.0,79.0,9,3,1,80.0
Bad,74,565,4,148.0,24,0,0,96.0,62,6,6,24,2,13.0,-7,0,0,34.0,90.0,6,1,1,58.0
Bad,69,83,14,162.0,18,0,0,94.0,46,6,6,17,0,6.0,5,1,1,60.0,-8.0,9,-8,2,69.0
Good,92,233,25,152.0,35,0,0,100.0,-7,7,8,36,0,11.0,-8,0,0,0.0,-8.0,2,1,0,38.0
Good,71,173,5,73.0,25,1,1,100.0,-7,7,8,25,2,32.0,-7,0,0,45.0,55.0,5,3,3,64.0
Good,79,214,4,85.0,37,0,0,97.0,8,4,6,15,2,27.0,4,2,2,6.0,78.0,3,3,0,38.0
Bad,59,224,17,122.0,13,3,2,58.0,8,2,2,33,0,32.0,-7,0,0,55.0,47.0,4,4,0,62.0
Bad,57,132,2,46.0,59,0,0,98.0,3,4,6,62,10,67.0,1,4,4,40.0,94.0,9,11,4,84.0
Bad,65,145,1,47.0,21,0,0,96.0,8,4,6,23,4,52.0,3,3,3,60.0,68.0,7,3,1,91.0
Good,83,177,6,77.0,40,1,0,98.0,49,6,5,41,3,54.0,0,1,1,19.0,70.0,3,5,0,62.0
Good,91,473,18,161.0,20,0,0,100.0,-7,7,8,21,0,33.0,0,0,0,3.0,-8.0,3,-8,0,38.0
Bad,63,97,5,53.0,17,0,0,88.0,18,6,6,18,2,18.0,0,4,4,65.0,79.0,3,1,1,44.0
Bad,61,119,5,60.0,8,1,1,78.0,8,4,3,9,1,67.0,0,0,0,115.0,78.0,1,2,1,75.0
Good,71,176,14,79.0,29,0,0,97.0,11,6,6,33,0,14.0,0,2,2,15.0,-8.0,3,1,2,40.0
Bad,86,129,13,74.0,17,0,0,100.0,-7,7,8,17,0,35.0,0,0,0,10.0,-8.0,3,1,0,80.0
Bad,75,172,2,47.0,10,0,0,100.0,-7,7,8,11,5,18.0,0,1,1,32.0,-8.0,5,-8,1,83.0
Bad,61,218,2,87.0,60,0,0,98.0,14,6,6,18,8,38.0,0,7,7,74.0,81.0,11,7,6,74.0
Bad,68,156,6,46.0,10,1,0,91.0,-8,6,5,11,2,27.0,-7,2,1,74.0,89.0,4,2,3,75.0
Good,79,275,0,91.0,13,0,0,86.0,6,4,6,14,3,29.0,6,0,0,0.0,-8.0,1,1,0,33.0
Bad,56,274,15,91.0,29,2,1,78.0,4,4,3,32,0,3.0,0,0,0,33.0,-8.0,14,-8,3,56.0
Good,81,160,5,79.0,27,0,0,100.0,-7,7,8,21,2,56.0,-7,0,0,46.0,26.0,3,3,1,67.0
Good,75,264,7,89.0,54,0,0,98.0,24,6,6,55,1,36.0,0,1,1,33.0,55.0,5,4,1,67.0
Good,85,312,11,85.0,32,0,0,100.0,-7,7,8,32,1,25.0,-7,1,1,0.0,-8.0,3,1,0,24.0
Good,80,163,3,71.0,33,0,0,100.0,-7,7,8,33,2,9.0,0,1,1,3.0,62.0,5,2,1,32.0
Good,89,137,15,75.0,14,0,0,100.0,-7,7,8,14,0,0.0,-8,0,0,3.0,-8.0,3,-8,0,50.0
Good,76,197,8,73.0,19,2,0,86.0,19,6,5,22,2,24.0,8,0,0,7.0,-8.0,1,1,0,29.0
Bad,60,-8,10,110.0,35,2,2,95.0,2,4,6,37,1,27.0,6,0,0,79.0,74.0,9,2,7,73.0
Good,88,74,2,120.0,23,0,0,100.0,-7,7,8,13,2,25.0,3,1,1,2.0,61.0,3,1,0,56.0
Bad,66,176,11,81.0,43,0,0,98.0,3,4,6,44,1,39.0,0,2,2,36.0,64.0,3,4,1,47.0
Bad,78,139,12,62.0,24,0,0,100.0,-7,7,8,24,0,21.0,-7,0,0,18.0,91.0,4,3,1,39.0
Bad,68,247,48,117.0,20,2,2,95.0,59,0,6,20,0,15.0,-7,0,0,13.0,-8.0,4,2,0,47.0
Good,87,348,11,127.0,26,0,0,100.0,-7,7,8,26,1,27.0,0,3,3,14.0,48.0,2,3,1,50.0
Bad,70,261,2,63.0,19,0,0,100.0,-7,7,8,21,1,25.0,-7,1,1,60.0,62.0,5,3,3,73.0
Good,77,389,30,102.0,22,2,2,92.0,25,6,2,24,0,4.0,0,1,1,13.0,-8.0,5,-8,0,36.0
Bad,56,6,4,5.0,2,0,0,100.0,-7,7,8,2,2,50.0,0,11,11,135.0,-8.0,1,1,1,100.0
Bad,57,61,5,30.0,9,0,0,89.0,23,6,6,9,1,67.0,0,2,2,98.0,89.0,3,1,2,100.0
Good,68,214,2,17.0,8,0,0,90.0,-8,6,6,10,3,20.0,-7,0,0,52.0,-8.0,4,1,0,71.0
Good,84,123,1,48.0,30,0,0,100.0,-7,7,8,33,7,18.0,4,1,1,10.0,80.0,4,2,0,35.0
Bad,71,127,4,67.0,18,0,0,94.0,28,6,6,18,1,33.0,-7,0,0,87.0,87.0,3,3,1,100.0
Good,75,199,2,69.0,39,0,0,98.0,62,6,6,43,3,14.0,0,3,3,10.0,38.0,6,1,1,47.0
Bad,62,-8,6,127.0,18,1,1,95.0,17,0,6,0,2,26.0,0,2,2,3.0,-8.0,4,1,0,50.0
Good,77,194,17,75.0,18,1,1,95.0,29,6,2,19,0,53.0,0,2,2,4.0,47.0,1,2,0,60.0
Bad,64,151,9,65.0,30,1,1,100.0,-7,6,8,31,1,19.0,-7,1,1,56.0,21.0,10,3,5,76.0
Good,65,128,5,46.0,19,0,0,100.0,-7,7,8,20,2,20.0,0,1,1,59.0,-8.0,8,1,5,82.0
Good,72,154,2,76.0,47,0,0,100.0,-7,7,8,12,3,13.0,3,2,2,20.0,-8.0,9,4,1,48.0
Good,67,419,1,73.0,37,0,0,92.0,13,6,6,44,6,33.0,3,1,1,12.0,91.0,8,3,0,69.0
Good,74,-8,9,47.0,29,1,1,97.0,55,6,2,0,1,26.0,4,2,2,14.0,-8.0,5,1,0,39.0
Good,86,159,4,69.0,39,0,0,100.0,-7,7,8,42,2,49.0,-7,0,0,1.0,76.0,4,3,0,54.0
Bad,65,154,41,92.0,10,1,0,73.0,12,6,5,12,0,33.0,-7,0,0,46.0,35.0,4,1,2,83.0
Good,79,219,5,92.0,18,0,0,100.0,-7,7,8,18,1,28.0,23,0,0,15.0,31.0,3,2,1,75.0
Good,86,378,10,120.0,29,0,0,100.0,-7,7,8,30,2,33.0,0,0,0,2.0,84.0,5,3,0,57.0
Bad,70,173,6,85.0,12,0,0,100.0,-7,7,8,10,2,46.0,-7,0,0,93.0,13.0,3,4,3,100.0
Bad,67,-8,3,43.0,19,0,0,100.0,-7,7,8,22,2,27.0,14,0,0,53.0,41.0,6,4,3,71.0
Bad,69,99,6,33.0,23,0,0,100.0,-7,7,8,32,3,21.0,0,7,7,33.0,95.0,3,3,1,43.0
Bad,72,51,18,35.0,2,0,0,100.0,-7,7,8,2,0,100.0,0,0,0,-8.0,-8.0,-8,1,-8,100.0
Good,83,391,23,145.0,25,0,0,96.0,40,6,6,51,0,26.0,23,0,0,5.0,15.0,3,2,0,38.0
Good,83,493,11,135.0,15,0,0,94.0,-7,5,7,16,1,44.0,7,0,0,20.0,81.0,3,1,0,44.0
Good,77,193,23,43.0,8,0,0,100.0,-7,7,8,18,0,13.0,-7,0,0,45.0,9.0,5,1,0,86.0
Bad,59,63,1,35.0,15,0,0,88.0,37,6,6,16,2,6.0,0,1,1,77.0,-8.0,3,1,3,57.0
Bad,82,324,43,137.0,9,0,0,90.0,79,6,6,10,0,20.0,0,2,2,2.0,-8.0,1,-8,0,25.0
Good,66,60,25,115.0,34,1,0,97.0,0,3,5,2,0,29.0,-8,0,0,1.0,52.0,3,6,0,38.0
Bad,71,392,34,126.0,16,1,0,84.0,9,3,5,19,0,79.0,-8,0,0,19.0,70.0,1,2,0,60.0
Good,89,210,5,96.0,23,0,0,100.0,-7,7,8,24,1,21.0,15,0,0,3.0,-8.0,4,1,0,56.0
Bad,72,48,10,26.0,4,0,0,100.0,-7,7,8,4,1,25.0,-7,1,1,54.0,-8.0,3,1,0,100.0
Good,77,213,4,96.0,45,0,0,96.0,33,6,6,47,3,23.0,0,2,2,11.0,-8.0,4,-8,0,31.0
Bad,76,88,2,25.0,11,0,0,100.0,-7,7,8,13,7,54.0,-7,3,3,0.0,88.0,0,4,0,40.0
Bad,91,325,28,148.0,14,0,0,100.0,-7,7,8,17,0,33.0,0,6,6,0.0,-8.0,1,2,0,50.0
Bad,58,187,2,60.0,19,0,0,85.0,5,4,6,20,1,25.0,0,1,1,73.0,99.0,5,2,3,78.0
Good,85,420,7,109.0,22,0,0,96.0,81,6,6,24,2,17.0,0,0,0,1.0,-8.0,2,1,0,18.0
Good,68,224,9,110.0,24,5,5,86.0,25,6,2,29,1,31.0,-7,5,5,5.0,73.0,2,2,-8,71.0
Bad,66,128,2,45.0,7,3,2,89.0,55,0,3,9,1,33.0,0,4,4,13.0,88.0,4,2,0,100.0
Bad,75,121,5,59.0,25,0,0,100.0,-7,6,8,25,2,40.0,0,5,5,89.0,95.0,2,2,2,67.0
Good,83,234,1,95.0,33,0,0,100.0,-7,7,8,37,4,59.0,1,1,1,6.0,71.0,7,6,1,87.0
Bad,63,168,3,21.0,3,1,1,100.0,-7,7,8,9,1,67.0,-7,1,1,75.0,42.0,1,2,1,100.0
Good,85,320,9,81.0,27,0,0,100.0,-7,7,8,32,2,47.0,8,0,0,4.0,-8.0,1,3,0,36.0
Bad,70,167,15,80.0,2,2,0,50.0,22,6,5,4,0,25.0,2,1,1,0.0,-8.0,0,1,0,50.0
Good,69,369,12,132.0,20,0,0,80.0,2,4,6,20,0,15.0,0,0,0,23.0,31.0,7,2,0,64.0
Bad,65,69,53,63.0,2,2,2,67.0,28,6,2,3,0,67.0,0,6,6,4.0,-8.0,1,-8,0,100.0
Good,79,243,5,84.0,29,1,1,81.0,6,4,4,39,1,35.0,0,1,1,0.0,-8.0,3,2,1,50.0
Good,81,222,6,85.0,39,0,0,100.0,-7,7,8,40,3,45.0,1,2,2,16.0,80.0,3,2,0,38.0
Good,70,125,6,61.0,31,0,0,100.0,-7,7,8,38,3,9.0,0,5,5,32.0,77.0,10,2,2,74.0
Good,73,106,6,52.0,44,0,0,100.0,-7,7,8,48,4,48.0,5,0,0,20.0,50.0,10,4,0,70.0
Good,78,208,5,98.0,35,0,0,97.0,-8,6,6,38,4,34.0,5,3,2,16.0,89.0,11,6,0,77.0
Bad,60,47,12,31.0,2,0,0,33.0,5,4,6,3,0,33.0,0,0,0,72.0,-8.0,1,-8,0,100.0
Good,68,191,7,67.0,25,1,1,89.0,20,6,3,32,2,22.0,15,1,0,51.0,44.0,9,2,5,73.0
Good,68,177,2,70.0,32,0,0,97.0,16,6,6,46,2,60.0,1,2,2,85.0,-8.0,5,12,5,100.0
Bad,68,201,7,99.0,35,0,0,97.0,42,6,6,35,4,26.0,8,0,0,48.0,67.0,10,3,3,57.0
Bad,65,184,3,35.0,8,0,0,100.0,-7,7,8,8,3,75.0,-7,1,1,103.0,89.0,1,4,1,100.0
Good,86,383,11,164.0,35,0,0,100.0,-7,7,8,21,1,9.0,10,0,0,0.0,30.0,8,2,0,48.0
Good,72,188,4,57.0,36,0,0,97.0,34,6,6,36,5,56.0,0,3,3,6.0,60.0,2,13,0,65.0
Bad,60,125,8,34.0,26,0,0,96.0,10,4,6,26,2,15.0,0,3,3,56.0,70.0,4,1,1,67.0
Good,74,376,34,175.0,10,1,1,91.0,28,6,4,11,0,36.0,-8,0,0,71.0,53.0,3,2,1,100.0
Bad,47,247,13,88.0,25,2,2,70.0,0,0,2,30,0,30.0,-7,2,2,94.0,85.0,6,2,2,80.0
Bad,91,454,89,173.0,9,0,0,100.0,-7,7,8,9,0,33.0,0,1,1,1.0,-8.0,1,-8,0,33.0
Bad,58,58,3,22.0,16,0,0,100.0,-7,7,8,16,5,19.0,0,4,4,66.0,95.0,10,2,2,86.0
